Date,Close,Predictions,Growth,Growth Percent
2017-09-11,726.0,687.67786,,
2017-09-12,739.0,680.36646,-1.0,-6.285612248192149
2017-09-13,758.0,679.4733,-1.0,-8.055030089753892
2017-09-14,758.0,687.7332,-1.0,-9.270024362528858
2017-09-15,758.0,695.48846,-1.0,-8.246904438592512
2017-09-16,750.0,700.16125,-1.0,-7.630441308336082
2017-09-17,741.0,699.16504,-1.0,-6.777994791666667
2017-09-18,751.0,693.528,-1.0,-6.406475690051451
2017-09-19,746.0,692.3381,-1.0,-7.811175268912283
2017-09-20,780.0,691.0163,-1.0,-7.370469653254859
2017-09-21,780.0,702.7725,-1.0,-9.900958721454327
2017-09-22,780.0,713.8586,-1.0,-8.479669032952724
2017-09-23,789.0,720.6213,-1.0,-7.612656813401442
2017-09-24,781.0,726.8998,-1.0,-7.87075028220057
2017-09-25,777.0,727.6643,-1.0,-6.829154079305377
2017-09-26,780.0,725.0869,-1.0,-6.681220841377092
2017-09-27,784.0,723.6639,-1.0,-7.222579564803685
2017-09-28,784.0,724.6581,-1.0,-7.569122314453125
2017-09-29,784.0,726.07733,-1.0,-7.3880954664580685
2017-09-30,784.0,727.1958,-1.0,-7.245433573820153
2017-10-01,784.0,727.89154,-1.0,-7.156691259267378
2017-10-02,752.0,728.26166,-1.0,-7.109482434331155
2017-10-03,737.0,716.61365,-1.0,-4.70563198657746
2017-10-04,737.0,700.44714,-1.0,-4.959682014289349
2017-10-05,737.0,689.1119,-1.0,-6.497709980813263
2017-10-06,737.0,683.48474,-1.0,-7.261229143699118
2017-10-07,716.0,681.68756,-1.0,-7.50507991381869
2017-10-08,691.0,673.947,-1.0,-5.873321021735335
2017-10-09,699.0,658.184,-1.0,-4.749056295789616
2017-10-10,702.0,648.92816,-1.0,-7.163353130029507
2017-10-11,699.0,645.99713,-1.0,-7.977616617142984
2017-10-12,699.0,644.789,-1.0,-7.755507658820637
2017-10-13,699.0,644.4286,-1.0,-7.807068831589771
2017-10-14,720.0,644.29834,-1.0,-7.825702454399142
2017-10-15,721.0,651.85693,-1.0,-9.464314778645834
2017-10-16,716.0,658.953,-1.0,-8.60568614012656
2017-10-17,713.0,661.25775,-1.0,-7.645565437870985
2017-10-18,707.0,660.0763,-1.0,-7.422679671064166
2017-10-19,707.0,656.0145,-1.0,-7.211523851882956
2017-10-20,707.0,652.6101,-1.0,-7.693054112888967
2017-10-21,704.0,650.6841,-1.0,-7.965476374646394
2017-10-22,694.0,648.85443,-1.0,-7.833177393132989
2017-10-23,676.0,644.12476,-1.0,-7.186634602395533
2017-10-24,678.0,633.7743,-1.0,-6.246406510031434
2017-10-25,671.0,626.4991,-1.0,-7.596005240021202
2017-10-26,671.0,620.2843,-1.0,-7.558226265601714
2017-10-27,671.0,616.75256,-1.0,-8.084565800810358
2017-10-28,677.0,615.3237,-1.0,-8.297506636549926
2017-10-29,675.0,617.2155,-1.0,-8.830795400780096
2017-10-30,693.0,618.5389,-1.0,-8.364610460069443
2017-10-31,723.0,625.73956,-1.0,-9.705690766481782
2017-11-01,722.0,642.8383,-1.0,-11.087369589060339
2017-11-02,722.0,655.8332,-1.0,-9.164377989201004
2017-11-03,722.0,662.65466,-1.0,-8.219575749870152
2017-11-04,716.0,665.0108,-1.0,-7.893240550878636
2017-11-05,733.0,662.907,-1.0,-7.415225918732542
2017-11-06,721.0,666.60187,-1.0,-9.058408229770635
2017-11-07,706.0,666.2062,-1.0,-7.599698091842927
2017-11-08,704.0,659.41907,-1.0,-6.59786580979993
2017-11-09,704.0,652.77386,-1.0,-7.276439666748047
2017-11-10,704.0,648.80676,-1.0,-7.839948480779474
2017-11-11,699.0,647.2426,-1.0,-8.062128587202592
2017-11-12,691.0,645.2332,-1.0,-7.691957749351753
2017-11-13,705.0,640.98016,-1.0,-7.2387606983764465
2017-11-14,722.0,642.8689,-1.0,-8.812922484485815
2017-11-15,704.0,652.0374,-1.0,-9.690108787980437
2017-11-16,704.0,653.15314,-1.0,-7.2225657376376065
2017-11-17,704.0,651.5,-1.0,-7.457386363636363
2017-11-18,698.0,649.5676,-1.0,-7.731871171431108
2017-11-19,698.0,645.9989,-1.0,-7.45001413077543
2017-11-20,697.0,643.2858,-1.0,-7.838706642303904
2017-11-21,688.0,641.4706,-1.0,-7.966918069628766
2017-11-22,690.0,637.30023,-1.0,-7.369152335233467
2017-11-23,690.0,634.7919,-1.0,-8.00117824388587
2017-11-24,690.0,633.7079,-1.0,-8.158277428668478
2017-11-25,700.0,633.4465,-1.0,-8.196163453917572
2017-11-26,697.0,637.1956,-1.0,-8.972054617745535
2017-11-27,697.0,639.5408,-1.0,-8.243791752600432
2017-11-28,688.0,640.5673,-1.0,-8.096510505402618
2017-11-29,694.0,637.4546,-1.0,-7.346716592478197
2017-11-30,694.0,636.49786,-1.0,-8.285610407848523
2017-12-01,694.0,636.47955,-1.0,-8.288248815179216
2017-12-02,691.0,636.73975,-1.0,-8.250757047010087
2017-12-03,704.0,635.8867,-1.0,-7.975872829232995
2017-12-04,702.0,639.8368,-1.0,-9.114092046564275
2017-12-05,714.0,642.9268,-1.0,-8.414983070134436
2017-12-06,714.0,649.04095,-1.0,-9.097905519629727
2017-12-07,714.0,653.6923,-1.0,-8.44645353258491
2017-12-08,714.0,656.1606,-1.0,-8.100758613992472
2017-12-09,732.0,657.0554,-1.0,-7.975431383490897
2017-12-10,727.0,663.79724,-1.0,-9.31731677446209
2017-12-11,746.0,667.8331,-1.0,-8.13849657732978
2017-12-12,740.0,676.64026,-1.0,-9.297552441144436
2017-12-13,717.0,681.2949,-1.0,-7.933118665540541
2017-12-14,717.0,674.5726,-1.0,-5.917354142150454
2017-12-15,717.0,667.1841,-1.0,-6.94782677388424
2017-12-16,724.0,662.43414,-1.0,-7.610300827558403
2017-12-17,733.0,662.9194,-1.0,-8.43655075157545
2017-12-18,762.0,668.15967,-1.0,-8.845884315313779
2017-12-19,774.0,683.5791,-1.0,-10.291456487860891
2017-12-20,753.0,700.54846,-1.0,-9.489862801800712
2017-12-21,753.0,703.78314,-1.0,-6.53610330812168
2017-12-22,753.0,701.8105,-1.0,-6.798076249688744
2017-12-23,756.0,698.99396,-1.0,-7.172117195281374
2017-12-24,758.0,698.0999,-1.0,-7.658741461536872
2017-12-25,732.0,698.90656,-1.0,-7.7959689741713385
2017-12-26,725.0,690.4137,-1.0,-5.681189031548839
2017-12-27,722.0,680.02325,-1.0,-6.203689049030173
2017-12-28,722.0,671.9895,-1.0,-6.926661779345568
2017-12-29,722.0,667.7574,-1.0,-7.512827527159799
2017-12-30,702.0,666.2961,-1.0,-7.715224163023719
2017-12-31,670.0,658.84827,-1.0,-6.1469705695779915
2018-01-01,688.0,640.7054,-1.0,-4.372330850629664
2018-01-02,683.0,632.9274,-1.0,-8.004734128020532
2018-01-03,677.0,629.10443,-1.0,-7.8910056877974
2018-01-04,677.0,625.6158,-1.0,-7.589987637901588
2018-01-05,677.0,623.46716,-1.0,-7.907361434868906
2018-01-06,685.0,622.3865,-1.0,-8.066990456517726
2018-01-07,692.0,624.81964,-1.0,-8.78545385207573
2018-01-08,685.0,629.7631,-1.0,-8.993768416388187
2018-01-09,676.0,630.8352,-1.0,-7.907269331660584
2018-01-10,688.0,626.949,-1.0,-7.256068844767012
2018-01-11,688.0,627.40894,-1.0,-8.806840763535611
2018-01-12,688.0,628.8463,-1.0,-8.59791955282522
2018-01-13,703.0,630.0051,-1.0,-8.429487361464389
2018-01-14,690.0,636.1713,-1.0,-9.50621256278894
2018-01-15,680.0,636.6453,-1.0,-7.732561636662137
2018-01-16,685.0,631.6482,-1.0,-7.110559800091912
2018-01-17,692.0,628.8081,-1.0,-8.203196281934307
2018-01-18,692.0,630.2413,-1.0,-8.924671680251988
2018-01-19,692.0,632.4041,-1.0,-8.612122287639993
2018-01-20,680.0,634.0163,-1.0,-8.3791479209944
2018-01-21,654.0,630.4652,-1.0,-7.284527946920956
2018-01-22,660.0,617.20917,-1.0,-5.625509559561353
2018-01-23,687.0,608.3915,-1.0,-7.819472804214016
2018-01-24,672.0,614.10535,-1.0,-10.61057544691594
2018-01-25,672.0,616.33813,-1.0,-8.283015659877233
2018-01-26,672.0,616.79364,-1.0,-8.215232122512091
2018-01-27,678.0,616.5158,-1.0,-8.256576174781435
2018-01-28,676.0,618.26355,-1.0,-8.810685869515119
2018-01-29,671.0,619.1184,-1.0,-8.414436656342456
2018-01-30,673.0,617.5018,-1.0,-7.972910578311289
2018-01-31,665.0,616.4797,-1.0,-8.398265186780275
2018-02-01,665.0,613.0322,-1.0,-7.814702772556391
2018-02-02,665.0,610.1884,-1.0,-8.242343529722744
2018-02-03,661.0,608.59064,-1.0,-8.482610946311091
2018-02-04,663.0,606.49414,-1.0,-8.245969648260212
2018-02-05,691.0,605.7999,-1.0,-8.627462027479261
2018-02-06,702.0,616.0787,-1.0,-10.842449447698083
2018-02-07,707.0,629.6561,-1.0,-10.305394881810898
2018-02-08,707.0,640.8886,-1.0,-9.350974421521393
2018-02-09,707.0,647.1512,-1.0,-8.465179054875353
2018-02-10,713.0,649.546,-1.0,-8.126446887155234
2018-02-11,713.0,652.0872,-1.0,-8.54316700725368
2018-02-12,746.0,653.7161,-1.0,-8.31470890767444
2018-02-13,771.0,666.7169,-1.0,-10.62775885451575
2018-02-14,783.0,687.3822,-1.0,-10.84536937114948
2018-02-15,783.0,706.99335,-1.0,-9.7071076413833
2018-02-16,783.0,718.97864,-1.0,-8.176419196000957
2018-02-17,773.0,724.2896,-1.0,-7.498133867636494
2018-02-18,765.0,722.02454,-1.0,-6.594497266130336
2018-02-19,742.0,715.59796,-1.0,-6.457782820159314
2018-02-20,742.0,702.0889,-1.0,-5.378850643846866
2018-02-21,776.0,691.90765,-1.0,-6.750990052750168
2018-02-22,776.0,699.3215,-1.0,-9.881253586601964
2018-02-23,776.0,709.1973,-1.0,-8.608591925237597
2018-02-24,808.0,716.2545,-1.0,-7.69916023175741
2018-02-25,788.0,731.7144,-1.0,-9.441285086150216
2018-02-26,764.0,736.2656,-1.0,-6.5652760152284255
2018-02-27,759.0,727.06177,-1.0,-4.834847175638089
2018-02-28,794.0,715.4767,-1.0,-5.734297158061595
2018-03-01,794.0,720.47723,-1.0,-9.259794220816278
2018-03-02,794.0,728.37195,-1.0,-8.265497702495276
2018-03-03,833.0,734.25214,-1.0,-7.524919870218041
2018-03-04,872.0,751.8185,-1.0,-9.745680498762004
2018-03-05,876.0,780.4966,-1.0,-10.493511234948393
2018-03-06,835.0,802.9646,-1.0,-8.33737447381564
2018-03-07,840.0,799.9278,-1.0,-4.200264022735778
2018-03-08,840.0,792.56555,-1.0,-5.646958124069941
2018-03-09,840.0,786.7075,-1.0,-6.344342912946428
2018-03-10,878.0,783.64667,-1.0,-6.708730061848958
2018-03-11,839.0,796.877,-1.0,-9.239520027317056
2018-03-12,806.0,795.5522,-1.0,-5.178523830918504
2018-03-13,787.0,778.6335,-1.0,-3.395349393707351
2018-03-14,782.0,756.75604,-1.0,-3.8429425056583546
2018-03-15,782.0,739.97455,-1.0,-5.374098677769341
2018-03-16,782.0,731.11426,-1.0,-6.507128156969309
2018-03-17,756.0,727.9996,-1.0,-6.9054254790401215
2018-03-18,788.0,718.1659,-1.0,-5.004511434565146
2018-03-19,799.0,721.9298,-1.0,-8.38454193270146
2018-03-20,799.0,732.0471,-1.0,-8.379584588157071
2018-03-21,799.0,739.99634,-1.0,-7.384688624452441
2018-03-22,799.0,744.1044,-1.0,-6.870541912742491
2018-03-23,799.0,745.3079,-1.0,-6.719909591579317
2018-03-24,799.0,745.0075,-1.0,-6.757508470060232
2018-03-25,775.0,744.2499,-1.0,-6.852330672129224
2018-03-26,760.0,734.7163,-1.0,-5.197895665322581
2018-03-27,726.0,720.7629,-1.0,-5.162779155530427
2018-03-28,753.0,698.31006,-1.0,-3.814041516012397
2018-03-29,753.0,691.9881,-1.0,-8.102510206569555
2018-03-30,753.0,692.7382,-1.0,-8.002892401747177
2018-03-31,753.0,695.358,-1.0,-7.654983905523737
2018-04-01,753.0,697.54175,-1.0,-7.364973698954183
2018-04-02,753.0,698.6831,-1.0,-7.213399008134131
2018-04-03,772.0,698.9408,-1.0,-7.1791771715222445
2018-04-04,749.0,705.7006,-1.0,-8.588002259249514
2018-04-05,749.0,703.11523,-1.0,-6.126136932576769
2018-04-06,749.0,698.7553,-1.0,-6.708236307263851
2018-04-07,725.0,695.4311,-1.0,-7.152057235167724
2018-04-08,708.0,684.76355,-1.0,-5.549855199353448
2018-04-09,679.0,669.784,-1.0,-5.397740595758298
2018-04-10,712.0,648.5642,-1.0,-4.482443448545656
2018-04-11,685.0,645.7938,-1.0,-9.298620331153442
2018-04-12,685.0,639.4168,-1.0,-6.654480425980839
2018-04-13,685.0,634.5034,-1.0,-7.371763800182482
2018-04-14,685.0,631.8004,-1.0,-7.766362768020072
2018-04-15,692.0,630.63416,-1.0,-7.936619668111314
2018-04-16,715.0,632.77893,-1.0,-8.55795799652276
2018-04-17,697.0,643.3688,-1.0,-10.018353228802447
2018-04-18,697.0,645.5653,-1.0,-7.379439366257174
2018-04-19,697.0,644.3902,-1.0,-7.548034755537124
2018-04-20,697.0,642.5167,-1.0,-7.8168258776452655
2018-04-21,697.0,641.03973,-1.0,-8.0287325844019
2018-04-22,686.0,640.195,-1.0,-8.149927213168041
2018-04-23,683.0,635.80566,-1.0,-7.316958591472303
2018-04-24,705.0,630.9921,-1.0,-7.614622772350842
2018-04-25,691.0,636.0124,-1.0,-9.78547657635195
2018-04-26,691.0,636.82135,-1.0,-7.840615036518632
2018-04-27,691.0,636.18036,-1.0,-7.933377874570368
2018-04-28,665.0,635.35004,-1.0,-8.05354028638296
2018-04-29,666.0,625.17725,-1.0,-5.988384046052632
2018-04-30,671.0,616.5396,-1.0,-7.426484712251313
2018-05-01,681.0,613.41693,-1.0,-8.581679410977086
2018-05-02,681.0,616.75586,-1.0,-9.433794511747431
2018-05-03,681.0,620.71045,-1.0,-8.853091157305434
2018-05-04,681.0,623.344,-1.0,-8.466373841317914
2018-05-05,675.0,624.54156,-1.0,-8.290519098178232
2018-05-06,662.0,622.57666,-1.0,-7.766420717592593
2018-05-07,683.0,615.5836,-1.0,-7.011538041682402
2018-05-08,713.0,617.4733,-1.0,-9.593949101505308
2018-05-09,699.0,632.20917,-1.0,-11.331112555333975
2018-05-10,699.0,639.9194,-1.0,-8.452164154707619
2018-05-11,699.0,642.73535,-1.0,-8.049305928111588
2018-05-12,700.0,643.02423,-1.0,-8.007978403858191
2018-05-13,731.0,642.8033,-1.0,-8.17095947265625
2018-05-14,766.0,653.95447,-1.0,-10.539744490637824
2018-05-15,792.0,677.10266,-1.0,-11.605396718953982
2018-05-16,771.0,704.6223,-1.0,-11.03253605389836
2018-05-17,771.0,715.282,-1.0,-7.226720827253567
2018-05-18,771.0,717.10205,-1.0,-6.990654892185473
2018-05-19,781.0,715.668,-1.0,-7.176649833313068
2018-05-20,772.0,717.6115,-1.0,-8.116323786111556
2018-05-21,772.0,716.6401,-1.0,-7.1709746523842295
2018-05-22,772.0,715.4639,-1.0,-7.3233253597595525
2018-05-23,772.0,714.9121,-1.0,-7.394804485103627
2018-05-24,772.0,714.9657,-1.0,-7.3878629219964385
2018-05-25,772.0,715.3516,-1.0,-7.337872599073024
2018-05-26,719.0,715.8168,-1.0,-7.277620147546957
2018-05-27,711.0,696.6373,-1.0,-3.1102463001999303
2018-05-28,699.0,676.2244,-1.0,-4.89107928698576
2018-05-29,690.0,658.7355,-1.0,-5.760304201314378
2018-05-30,686.0,645.4334,-1.0,-6.458925993546195
2018-05-31,686.0,636.945,-1.0,-7.150873567898142
2018-06-01,686.0,633.05237,-1.0,-7.71831367870809
2018-06-02,685.0,631.87836,-1.0,-7.889452342041728
2018-06-03,684.0,631.4112,-1.0,-7.823183379904197
2018-06-04,684.0,630.74426,-1.0,-7.78592650653326
2018-06-05,684.0,630.0307,-1.0,-7.890248438071088
2018-06-06,684.0,629.3362,-1.0,-7.991786309850147
2018-06-07,684.0,628.70496,-1.0,-8.08407075223867
2018-06-08,684.0,628.1689,-1.0,-8.16244381910179
2018-06-09,658.0,627.74414,-1.0,-8.224540844298247
2018-06-10,662.0,617.8545,-1.0,-6.10114100493921
2018-06-11,668.0,610.42737,-1.0,-7.790427769779079
2018-06-12,681.0,608.6716,-1.0,-8.881501523320546
2018-06-13,713.0,614.00757,-1.0,-9.837361474394273
2018-06-14,713.0,631.17725,-1.0,-11.475842062587658
2018-06-15,713.0,645.2446,-1.0,-9.502857095897616
2018-06-16,713.0,653.07587,-1.0,-8.40450677430312
2018-06-17,747.0,656.05145,-1.0,-7.987173543237203
2018-06-18,759.0,668.9538,-1.0,-10.447952290934571
2018-06-19,736.0,684.20264,-1.0,-9.854725069993412
2018-06-20,751.0,685.9314,-1.0,-6.802799390709918
2018-06-21,751.0,688.764,-1.0,-8.28708694397054
2018-06-22,751.0,690.8917,-1.0,-8.003765162075565
2018-06-23,788.0,692.15967,-1.0,-7.834931029460719
2018-06-24,809.0,706.5403,-1.0,-10.337527512293782
2018-06-25,780.0,727.1531,-1.0,-10.117048680855994
2018-06-26,750.0,731.20465,-1.0,-6.255813989883814
2018-06-27,724.0,718.0292,-1.0,-4.262776692708333
2018-06-28,724.0,695.3563,-1.0,-3.9563089444492405
2018-06-29,724.0,678.628,-1.0,-6.266852110130353
2018-06-30,731.0,670.0877,-1.0,-7.446449237633805
2018-07-01,709.0,669.93835,-1.0,-8.35316628013851
2018-07-02,706.0,664.31696,-1.0,-6.302262966656383
2018-07-03,694.0,658.23785,-1.0,-6.765176486698832
2018-07-04,722.0,649.8337,-1.0,-6.36402317014139
2018-07-05,722.0,654.1536,-1.0,-9.397004780016447
2018-07-06,722.0,660.3287,-1.0,-8.541734859223512
2018-07-07,731.0,664.58704,-1.0,-7.9519340536270775
2018-07-08,702.0,669.8395,-1.0,-8.366692539115936
2018-07-09,702.0,662.507,-1.0,-5.625780763109865
2018-07-10,678.0,654.21686,-1.0,-6.80671539741364
2018-07-11,678.0,639.8143,-1.0,-5.632113566440818
2018-07-12,678.0,629.0968,-1.0,-7.212861097667774
2018-07-13,678.0,623.50195,-1.0,-8.038060011061948
2018-07-14,718.0,621.5529,-1.0,-8.325528395211098
2018-07-15,713.0,636.16846,-1.0,-11.397150831302229
2018-07-16,694.0,648.13727,-1.0,-9.097157353940217
2018-07-17,700.0,647.77893,-1.0,-6.660096446100503
2018-07-18,695.0,646.0916,-1.0,-7.701198032924108
2018-07-19,695.0,642.63586,-1.0,-7.534408020458633
2018-07-20,695.0,639.898,-1.0,-7.9283438483588125
2018-07-21,724.0,638.3839,-1.0,-8.146199837005396
2018-07-22,740.0,648.51654,-1.0,-10.425892192355835
2018-07-23,706.0,664.09436,-1.0,-10.257518871410474
2018-07-24,702.0,662.856,-1.0,-6.111045599659171
2018-07-25,685.0,655.81995,-1.0,-6.5783552294782766
2018-07-26,685.0,643.45074,-1.0,-6.065584725707117
2018-07-27,685.0,634.24786,-1.0,-7.409070982550182
2018-07-28,682.0,629.4979,-1.0,-8.102492729242702
2018-07-29,698.0,626.8299,-1.0,-8.089458208279876
2018-07-30,674.0,631.762,-1.0,-9.489681385991226
2018-07-31,705.0,628.1942,-1.0,-6.7961107021977
2018-08-01,694.0,634.9664,-1.0,-9.933848279587766
2018-08-02,694.0,637.97626,-1.0,-8.07258539996848
2018-08-03,694.0,638.7174,-1.0,-7.965791465913184
2018-08-04,670.0,638.4263,-1.0,-8.007742142471182
2018-08-05,676.0,629.0221,-1.0,-6.116105264692164
2018-08-06,666.0,622.737,-1.0,-7.879142084065275
2018-08-07,689.0,616.0019,-1.0,-7.507223409933371
2018-08-08,695.0,620.1953,-1.0,-9.986166545718431
2018-08-09,695.0,628.17194,-1.0,-9.615548771919965
2018-08-10,695.0,634.2592,-1.0,-8.739681106677159
2018-08-11,698.0,637.4805,-1.0,-8.27618276472572
2018-08-12,712.0,639.69275,-1.0,-8.353474351943053
2018-08-13,698.0,645.8632,-1.0,-9.288873565330933
2018-08-14,689.0,645.6255,-1.0,-7.503511707557306
2018-08-15,690.0,640.3361,-1.0,-7.062972335926161
2018-08-16,690.0,635.9704,-1.0,-7.830377108808877
2018-08-17,690.0,633.5525,-1.0,-8.180798516757246
2018-08-18,694.0,632.68396,-1.0,-8.306672469429348
2018-08-19,699.0,634.14465,-1.0,-8.62468972329791
2018-08-20,692.0,637.6203,-1.0,-8.781072919460838
2018-08-21,716.0,637.8077,-1.0,-7.831260372448519
2018-08-22,716.0,645.831,-1.0,-9.800140551348639
2018-08-23,716.0,653.02234,-1.0,-8.795762728046439
2018-08-24,716.0,657.2487,-1.0,-8.205486276296265
2018-08-25,742.0,658.9914,-1.0,-7.962095804054643
2018-08-26,775.0,668.92053,-1.0,-9.848984875126348
2018-08-27,758.0,689.60565,-1.0,-11.01862556703629
2018-08-28,770.0,699.30615,-1.0,-7.743251669689974
2018-08-29,762.0,706.688,-1.0,-8.222339184253247
2018-08-30,762.0,707.6403,-1.0,-7.133816296034285
2018-08-31,762.0,706.4473,-1.0,-7.2903770787196525
2018-09-01,727.0,705.1886,-1.0,-7.455564483882875
2018-09-02,725.0,691.62146,-1.0,-4.866374145675722
2018-09-03,745.0,679.13745,-1.0,-6.3258688038793105
2018-09-04,749.0,679.2192,-1.0,-8.829640638108222
2018-09-05,750.0,684.51624,-1.0,-8.60931437228805
2018-09-06,750.0,689.8402,-1.0,-8.021305338541666
2018-09-07,750.0,693.21497,-1.0,-7.571337890625
2018-09-08,779.0,694.7128,-1.0,-7.371622721354167
2018-09-09,799.0,705.7279,-1.0,-9.405917166439345
2018-09-10,808.0,722.58856,-1.0,-9.563383978508291
2018-09-11,798.0,738.01807,-1.0,-8.66113039526609
2018-09-12,831.0,743.4443,-1.0,-6.836557029781484
2018-09-13,831.0,756.10443,-1.0,-9.01270383244961
2018-09-14,831.0,765.9812,-1.0,-7.824163517223225
2018-09-15,872.0,771.3966,-1.0,-7.172490199120037
2018-09-16,903.0,788.7627,-1.0,-9.545562464162844
2018-09-17,947.0,814.5599,-1.0,-9.79403372222799
2018-09-18,964.0,849.491,-1.0,-10.296617969162487
2018-09-19,964.0,880.2378,-1.0,-8.689025625648341
2018-09-20,964.0,898.2373,-1.0,-6.821856360217843
2018-09-21,964.0,905.8462,-1.0,-6.032552758687759
2018-09-22,1062.0,907.7186,-1.0,-5.838316604804201
2018-09-23,1115.0,943.9299,-1.0,-11.117714632253413
2018-09-24,1115.0,996.2238,-1.0,-10.652572563410875
2018-09-25,1115.0,1033.6549,-1.0,-7.295524015554933
2018-09-26,1083.0,1052.913,-1.0,-5.5683440477858746
2018-09-27,1083.0,1047.8599,-1.0,-3.2447032981301938
2018-09-28,1083.0,1038.0364,-1.0,-4.151765747633887
2018-09-29,1131.0,1030.9202,-1.0,-4.808848936692059
2018-09-30,1187.0,1045.7158,-1.0,-7.540599441865606
2018-10-01,1218.0,1082.584,-1.0,-8.796631476411122
2018-10-02,1179.0,1123.7959,-1.0,-7.734326893472907
2018-10-03,1129.0,1136.2533,-1.0,-3.6256746481393134
2018-10-04,1129.0,1117.2218,-1.0,-1.0432416512123561
2018-10-05,1129.0,1096.5292,-1.0,-2.8760695478576173
2018-10-06,1113.0,1083.333,-1.0,-4.044906305358724
2018-10-07,1060.0,1071.6409,-1.0,-3.716004569575472
2018-10-08,1007.0,1045.4669,-1.0,-1.3710453825176887
2018-10-09,1017.0,1005.7699,0.0,-0.12215516773212512
2018-10-10,975.0,981.3024,-1.0,-3.510085624462266
2018-10-11,975.0,954.9445,-1.0,-2.056972405849359
2018-10-12,975.0,938.2174,-1.0,-3.7725736177884612
2018-10-13,942.0,930.5159,-1.0,-4.562468699919872
2018-10-14,900.0,915.8598,-1.0,-2.7749679144274153
2018-10-15,944.0,888.903,-1.0,-1.2329983181423612
2018-10-16,990.0,884.6053,-1.0,-6.291812961384402
2018-10-17,1009.0,904.99744,-1.0,-8.5861175228851
2018-10-18,1009.0,931.39667,-1.0,-7.691113232857408
2018-10-19,1009.0,949.10925,-1.0,-5.935653822627602
2018-10-20,1059.0,957.14874,-1.0,-5.1388758497739095
2018-10-21,1111.0,977.5225,-1.0,-7.693812844886096
2018-10-22,1025.0,1012.67865,-1.0,-8.849806489438006
2018-10-23,975.0,1006.442,-1.0,-1.8105349657012195
2018-10-24,928.0,972.2538,0.0,-0.28166316105769235
2018-10-25,928.0,925.664,0.0,-0.25172398008149244
2018-10-26,928.0,893.5032,-1.0,-3.7173304064520476
2018-10-27,952.0,878.08844,-1.0,-5.378400868382947
2018-10-28,981.0,882.73566,-1.0,-7.275666309004071
2018-10-29,1029.0,902.4835,-1.0,-8.003718602669469
2018-10-30,1029.0,937.0114,-1.0,-8.939609953914601
2018-10-31,1068.0,962.46796,-1.0,-6.465699072597789
2018-11-01,1068.0,989.8543,-1.0,-7.317012258236774
2018-11-02,1068.0,1006.8803,-1.0,-5.722817410244031
2018-11-03,1035.0,1014.11304,-1.0,-5.045595776275749
2018-11-04,1006.0,1003.2622,-1.0,-3.0664534269323673
2018-11-05,1050.0,980.5821,-1.0,-2.5266309855709492
2018-11-06,1078.0,979.71185,-1.0,-6.694109235491072
2018-11-07,1078.0,996.0899,-1.0,-7.598339073733186
2018-11-08,1078.0,1011.58075,-1.0,-6.161340490564124
2018-11-09,1078.0,1021.2614,-1.0,-5.2633197055455705
2018-11-10,1119.0,1025.7368,-1.0,-4.848161743390538
2018-11-11,1091.0,1042.3551,-1.0,-6.849409960762958
2018-11-12,1132.0,1045.6317,-1.0,-4.1584130277555
2018-11-13,1128.0,1059.269,-1.0,-6.424996204174029
2018-11-14,1107.0,1069.1462,-1.0,-5.217531894115692
2018-11-15,1107.0,1066.4518,-1.0,-3.6628923011235317
2018-11-16,1107.0,1061.3108,-1.0,-4.127299817920054
2018-11-17,1105.0,1057.5214,-1.0,-4.469614967959576
2018-11-18,1057.0,1054.978,-1.0,-4.526875353506787
2018-11-19,1035.0,1036.0436,-1.0,-1.9826320622930462
2018-11-20,992.0,1011.6832,-1.0,-2.252828257095411
2018-11-21,1030.0,979.16315,-1.0,-1.294037603562878
2018-11-22,1030.0,971.00934,-1.0,-5.727248701077063
2018-11-23,1030.0,972.9613,-1.0,-5.537737503792476
2018-11-24,1030.0,977.16455,-1.0,-5.129655263956311
2018-11-25,1030.0,980.3363,-1.0,-4.821718086316747
2018-11-26,1030.0,981.7679,-1.0,-4.68272977662318
2018-11-27,1030.0,981.8445,-1.0,-4.67529296875
2018-11-28,1030.0,981.1977,-1.0,-4.738088070767597
2018-11-29,1030.0,980.3375,-1.0,-4.821599571450243
2018-11-30,1030.0,979.5625,-1.0,-4.896844660194175
2018-12-01,939.0,978.99335,-1.0,-4.952102216702063
2018-12-02,982.0,944.76843,1.0,0.6143165726504259
2018-12-03,1007.0,930.0322,-1.0,-5.2920339549389
2018-12-04,1015.0,935.65076,-1.0,-7.08532702721574
2018-12-05,1062.0,948.04425,-1.0,-6.596625567657019
2018-12-06,1062.0,975.2611,-1.0,-8.167503917284606
2018-12-07,1062.0,996.26215,-1.0,-6.190005085113583
2018-12-08,1115.0,1007.35034,-1.0,-5.145918851518362
2018-12-09,1131.0,1030.9111,-1.0,-7.5416024383408065
2018-12-10,1096.0,1054.7778,-1.0,-6.739360563107868
2018-12-11,1095.0,1056.5083,-1.0,-3.6032572279881387
2018-12-12,1086.0,1050.9448,-1.0,-4.023303724315069
2018-12-13,1086.0,1042.1143,-1.0,-4.041044400322283
2018-12-14,1086.0,1035.9462,-1.0,-4.609008564255294
2018-12-15,1048.0,1033.213,-1.0,-4.860680230634208
2018-12-16,1024.0,1018.68665,-1.0,-2.7970758103232347
2018-12-17,1066.0,997.73914,-1.0,-2.564537525177002
2018-12-18,1019.0,998.8033,-1.0,-6.30363192388309
2018-12-19,1018.0,988.33026,-1.0,-3.0097879067253435
2018-12-20,1018.0,978.38116,-1.0,-3.8918305942258105
2018-12-21,1018.0,972.31903,-1.0,-4.487325072522716
2018-12-22,1034.0,969.5823,-1.0,-4.756161552983792
2018-12-23,1060.0,974.6735,-1.0,-5.737570314388902
2018-12-24,1068.0,989.5767,-1.0,-6.6437055479805425
2018-12-25,1043.0,1004.39105,-1.0,-5.955893984448151
2018-12-26,1086.0,1004.01575,-1.0,-3.737704020104266
2018-12-27,1086.0,1015.2769,-1.0,-6.512254465570328
2018-12-28,1086.0,1025.3113,-1.0,-5.5882799910796495
2018-12-29,1083.0,1031.1222,-1.0,-5.053205121287983
2018-12-30,1090.0,1032.3783,-1.0,-4.6742109050380884
2018-12-31,1119.0,1034.4985,-1.0,-5.091877508600917
2019-01-01,1092.0,1046.9573,-1.0,-6.438134460176497
2019-01-02,1107.0,1047.6501,-1.0,-4.061341897035256
2019-01-03,1107.0,1050.5273,-1.0,-5.101414295392954
2019-01-04,1107.0,1053.0143,-1.0,-4.876758606453252
2019-01-05,1104.0,1054.578,-1.0,-4.735501090362466
2019-01-06,1079.0,1054.2913,-1.0,-4.502603282099185
2019-01-07,1089.0,1044.3733,-1.0,-3.2091481913229845
2019-01-08,1072.0,1039.3492,-1.0,-4.559298148387282
2019-01-09,1065.0,1031.3564,-1.0,-3.791376370102612
2019-01-10,1065.0,1023.083,-1.0,-3.9358678110328635
2019-01-11,1065.0,1017.95715,-1.0,-4.417168702318075
2019-01-12,1088.0,1015.7223,-1.0,-4.627015019806338
2019-01-13,1088.0,1023.75256,-1.0,-5.905095268698299
2019-01-14,1055.0,1031.594,-1.0,-5.184375538545496
2019-01-15,1038.0,1024.0184,-1.0,-2.936641458086493
2019-01-16,1025.0,1008.4939,-1.0,-2.8425918608501926
2019-01-17,1025.0,991.6214,-1.0,-3.256448885289634
2019-01-18,1025.0,980.71906,-1.0,-4.320092177972561
2019-01-19,1024.0,975.6727,-1.0,-4.812416634908537
2019-01-20,1001.0,973.8871,-1.0,-4.893839359283447
2019-01-21,952.0,965.15247,-1.0,-3.5811722457230273
2019-01-22,975.0,939.4864,-1.0,-1.3144549201516544
2019-01-23,984.0,927.2185,-1.0,-4.900666065705128
2019-01-24,984.0,926.60406,-1.0,-5.832920229531885
2019-01-25,984.0,929.4947,-1.0,-5.539157526279852
2019-01-26,941.0,932.20624,-1.0,-5.263593720226753
2019-01-27,942.0,917.67554,-1.0,-2.4786889363044633
2019-01-28,951.0,903.939,-1.0,-4.040443112642649
2019-01-29,934.0,898.7424,-1.0,-5.4950188637782595
2019-01-30,968.0,891.5048,-1.0,-4.5498049488925325
2019-01-31,968.0,899.01514,-1.0,-7.12653546293905
2019-02-01,968.0,907.7625,-1.0,-6.222880970348011
2019-02-02,956.0,913.4679,-1.0,-5.6334818690276345
2019-02-03,945.0,911.5322,-1.0,-4.6514407361401675
2019-02-04,946.0,903.9098,-1.0,-4.348170366236773
2019-02-05,929.0,897.80743,-1.0,-5.094351576952299
2019-02-06,936.0,888.08386,-1.0,-4.404320526944295
2019-02-07,936.0,883.6578,-1.0,-5.592117961655315
2019-02-08,936.0,882.45746,-1.0,-5.720356998280582
2019-02-09,936.0,882.6941,-1.0,-5.69507566272703
2019-02-10,940.0,883.2741,-1.0,-5.63310802492321
2019-02-11,940.0,885.1932,-1.0,-5.830513162815825
2019-02-12,919.0,886.7047,-1.0,-5.66971149850399
2019-02-13,906.0,879.65826,-1.0,-4.280928818263738
2019-02-14,906.0,867.9633,-1.0,-4.198309285751241
2019-02-15,906.0,859.3173,-1.0,-5.15261349035941
2019-02-16,913.0,854.7968,-1.0,-5.65156578754484
2019-02-17,888.0,855.79004,-1.0,-6.266151252738225
2019-02-18,894.0,848.7164,-1.0,-4.423832248997043
2019-02-19,904.0,844.25073,-1.0,-5.5647950311101795
2019-02-20,895.0,845.8385,-1.0,-6.433794139760786
2019-02-21,895.0,845.1383,-1.0,-5.571139031948324
2019-02-22,895.0,843.9933,-1.0,-5.699074175104749
2019-02-23,921.0,843.05383,-1.0,-5.804041004713687
2019-02-24,932.0,852.0821,-1.0,-7.48294329151398
2019-02-25,918.0,864.5188,-1.0,-7.240472228741952
2019-02-26,894.0,867.9606,-1.0,-5.450918160232844
2019-02-27,893.0,858.5601,-1.0,-3.964192435245386
2019-02-28,893.0,848.61926,-1.0,-4.969847402540593
2019-03-01,893.0,842.25354,-1.0,-5.6826942845394735
2019-03-02,888.0,839.39056,-1.0,-6.003296308528135
2019-03-03,885.0,836.8717,-1.0,-5.7576909795537725
2019-03-04,876.0,834.3903,-1.0,-5.718607929466808
2019-03-05,843.0,829.56476,-1.0,-5.300826677993007
2019-03-06,834.0,813.6743,-1.0,-3.4787287774317917
2019-03-07,834.0,797.3069,-1.0,-4.399654104841127
2019-03-08,834.0,786.9529,-1.0,-5.641141383767986
2019-03-09,842.0,782.2209,-1.0,-6.208526830879046
2019-03-10,844.0,783.8412,-1.0,-6.907222503154692
2019-03-11,831.0,787.342,-1.0,-6.713035547337825
2019-03-12,822.0,785.1233,-1.0,-5.520662934341155
2019-03-13,817.0,778.6125,-1.0,-5.278286156573145
2019-03-14,817.0,771.2915,-1.0,-5.594675164473684
2019-03-15,817.0,766.3497,-1.0,-6.199550745390912
2019-03-16,816.0,763.8527,-1.0,-6.5051747652425025
2019-03-17,836.0,762.5682,-1.0,-6.548017614028033
2019-03-18,848.0,769.4663,-1.0,-7.958575527063397
2019-03-19,863.0,780.46094,-1.0,-7.9645120872641515
2019-03-20,863.0,793.95593,-1.0,-8.000471307394266
2019-03-21,863.0,802.9584,-1.0,-6.9573147133907876
2019-03-22,863.0,807.16846,-1.0,-6.469471954663963
2019-03-23,863.0,808.32275,-1.0,-6.335717971465817
2019-03-24,863.0,808.1319,-1.0,-6.3578334910015935
2019-03-25,887.0,807.67035,-1.0,-6.411315281449161
2019-03-26,930.0,816.301,-1.0,-7.9705721092869215
2019-03-27,927.0,840.3205,-1.0,-9.642957461777554
2019-03-28,927.0,858.6383,-1.0,-7.3745085583535595
2019-03-29,927.0,868.4954,-1.0,-6.311173423594256
2019-03-30,936.0,872.2003,-1.0,-5.911508372943635
2019-03-31,939.0,876.0892,-1.0,-6.400729448367389
2019-04-01,939.0,879.73517,-1.0,-6.311483657398163
2019-04-02,939.0,882.0825,-1.0,-6.061499517438765
2019-04-03,939.0,883.3582,-1.0,-5.925642669645234
2019-04-04,939.0,884.03625,-1.0,-5.8534339847910015
2019-04-05,939.0,884.46826,-1.0,-5.80742686701278
2019-04-06,949.0,884.828,-1.0,-5.769115768936368
2019-04-07,971.0,888.881,-1.0,-6.334986149071391
2019-04-08,944.0,900.7216,-1.0,-7.237732373600025
2019-04-09,912.0,900.32025,-1.0,-4.627092005842822
2019-04-10,927.0,884.7673,-1.0,-2.986044632761102
2019-04-11,927.0,876.36957,-1.0,-5.461751038716963
2019-04-12,927.0,873.1834,-1.0,-5.805457319899541
2019-04-13,934.0,872.7962,-1.0,-5.847227226183253
2019-04-14,941.0,876.043,-1.0,-6.205243063687767
2019-04-15,985.0,881.7205,-1.0,-6.2996259277862645
2019-04-16,989.0,902.25806,-1.0,-8.40019729536802
2019-04-17,1012.0,920.62994,-1.0,-6.913049155949823
2019-04-18,1012.0,939.89105,-1.0,-7.125390094259511
2019-04-19,1012.0,951.9332,-1.0,-5.9354518242033105
2019-04-20,1062.0,957.23334,-1.0,-5.411725553128088
2019-04-21,1062.0,977.16113,-1.0,-7.988593897128061
2019-04-22,1074.0,993.6849,-1.0,-6.432685923890655
2019-04-23,1057.0,1007.6033,-1.0,-6.182190737022812
2019-04-24,1083.0,1009.28766,-1.0,-4.513939575079825
2019-04-25,1083.0,1016.73535,-1.0,-6.118619430978763
2019-04-26,1083.0,1023.16064,-1.0,-5.5253329149353645
2019-04-27,1135.0,1027.1306,-1.0,-5.158761289531395
2019-04-28,1158.0,1048.5638,-1.0,-7.615520460490089
2019-04-29,1202.0,1075.5975,-1.0,-7.115929690873273
2019-04-30,1257.0,1110.6074,-1.0,-7.603375883943428
2019-05-01,1317.0,1155.2347,-1.0,-8.09588375410203
2019-05-02,1317.0,1208.1044,-1.0,-8.268460887077639
2019-05-03,1317.0,1243.1138,-1.0,-5.6101921388572515
2019-05-04,1382.0,1259.7015,-1.0,-4.350680479427677
2019-05-05,1451.0,1289.206,-1.0,-6.714467822901591
2019-05-06,1451.0,1337.2268,-1.0,-7.841019528557891
2019-05-07,1381.0,1372.5115,-1.0,-5.4092712192022745
2019-05-08,1316.0,1364.7899,-1.0,-1.1737931214925779
2019-05-09,1316.0,1323.915,1.0,0.6014467372720365
2019-05-10,1316.0,1289.8706,-1.0,-1.9855163017667172
2019-05-11,1284.0,1271.4467,-1.0,-3.385512517215995
2019-05-12,1232.0,1253.3364,-1.0,-2.3881288332359816
2019-05-13,1237.0,1223.5425,-1.0,-0.6864869749391234
2019-05-14,1297.0,1204.2527,-1.0,-2.6473172557093774
2019-05-15,1301.0,1218.0126,-1.0,-6.090009773154395
2019-05-16,1301.0,1237.4008,-1.0,-4.888489097929477
2019-05-17,1301.0,1250.8735,-1.0,-3.852918127882398
2019-05-18,1294.0,1257.1224,-1.0,-3.372602880596656
2019-05-19,1236.0,1255.7782,-1.0,-2.9537713877753093
2019-05-20,1179.0,1230.5531,0.0,-0.44068765485942557
2019-05-21,1187.0,1186.5786,1.0,0.6428001086726038
2019-05-22,1150.0,1156.9753,-1.0,-2.5294573043913227
2019-05-23,1150.0,1128.9143,-1.0,-1.8335385529891304
2019-05-24,1150.0,1112.2513,-1.0,-3.2824919327445654
2019-05-25,1196.0,1105.3134,-1.0,-3.885795261548913
2019-05-26,1237.0,1121.0159,-1.0,-6.269576158810619
2019-05-27,1237.0,1152.3395,-1.0,-6.844019600722515
2019-05-28,1261.0,1175.8494,-1.0,-4.943462794310833
2019-05-29,1320.0,1196.7324,-1.0,-5.096556552339413
2019-05-30,1320.0,1230.4767,-1.0,-6.782069350733902
2019-05-31,1320.0,1254.4912,-1.0,-4.9627870501893945
2019-06-01,1297.0,1266.3135,-1.0,-4.0671608664772725
2019-06-02,1312.0,1261.3586,-1.0,-2.7479843810235156
2019-06-03,1321.0,1259.2297,-1.0,-4.022123755478278
2019-06-04,1321.0,1262.294,-1.0,-4.444061672028766
2019-06-05,1321.0,1266.0597,-1.0,-4.158993763602385
2019-06-06,1321.0,1269.0392,-1.0,-3.933445528363929
2019-06-07,1321.0,1271.0487,-1.0,-3.781324295633043
2019-06-08,1284.0,1272.3245,-1.0,-3.6847492134273274
2019-06-09,1344.0,1259.2355,-1.0,-1.9287014304663161
2019-06-10,1347.0,1269.8403,-1.0,-5.517832438151041
2019-06-11,1331.0,1284.2728,-1.0,-4.656805705386971
2019-06-12,1321.0,1288.4113,-1.0,-3.1997554558367765
2019-06-13,1321.0,1284.3287,-1.0,-2.7760230619559048
2019-06-14,1321.0,1279.4194,-1.0,-3.147658319928085
2019-06-15,1284.0,1276.1104,-1.0,-3.398156581188493
2019-06-16,1292.0,1260.646,-1.0,-1.81884765625
2019-06-17,1239.0,1250.7668,-1.0,-3.191420611213235
2019-06-18,1267.0,1226.3883,-1.0,-1.0178930053218322
2019-06-19,1288.0,1217.8824,-1.0,-3.8766814294346883
2019-06-20,1288.0,1225.0087,-1.0,-4.89063144470594
2019-06-21,1288.0,1233.9001,-1.0,-4.200299185995729
2019-06-22,1256.0,1239.8695,-1.0,-3.7368395313713125
2019-06-23,1303.0,1230.5381,-1.0,-2.027222457205414
2019-06-24,1362.0,1237.8717,-1.0,-4.998334297654451
2019-06-25,1370.0,1269.0116,-1.0,-6.827342387688143
2019-06-26,1344.0,1297.8636,-1.0,-5.265427192632299
2019-06-27,1344.0,1305.1555,-1.0,-2.8902144659133184
2019-06-28,1344.0,1303.3958,-1.0,-3.0211494082496277
2019-06-29,1344.0,1299.5775,-1.0,-3.3052444458007812
2019-06-30,1343.0,1296.6589,-1.0,-3.5224006289527527
2019-07-01,1405.0,1294.9211,-1.0,-3.579959599543932
2019-07-02,1428.0,1317.7793,-1.0,-6.2078792259786475
2019-07-03,1414.0,1347.7246,-1.0,-5.621525954131653
2019-07-04,1414.0,1363.157,-1.0,-3.595687240320014
2019-07-05,1414.0,1368.6571,-1.0,-3.2067111391663716
2019-07-06,1355.0,1369.1954,-1.0,-3.1686397050698374
2019-07-07,1330.0,1345.9133,-1.0,-0.6706029462638377
2019-07-08,1347.0,1315.6172,-1.0,-1.0814144736842106
2019-07-09,1291.0,1301.5538,-1.0,-3.3738802518327766
2019-07-10,1291.0,1276.7126,-1.0,-1.1066888857958948
2019-07-11,1291.0,1258.7645,-1.0,-2.4969383139281565
2019-07-12,1291.0,1249.8229,-1.0,-3.189552596703137
2019-07-13,1291.0,1246.962,-1.0,-3.4111513452507745
2019-07-14,1297.0,1246.8926,-1.0,-3.41653151626646
2019-07-15,1258.0,1249.7197,-1.0,-3.6453564716653815
2019-07-16,1205.0,1237.3519,-1.0,-1.6413411199572736
2019-07-17,1191.0,1205.244,0.0,0.02025050246369295
2019-07-18,1191.0,1174.2859,-1.0,-1.4033678696998322
2019-07-19,1191.0,1155.2406,-1.0,-3.002468464656801
2019-07-20,1199.0,1146.7639,-1.0,-3.7141968080919394
2019-07-21,1229.0,1147.494,-1.0,-4.29574490786593
2019-07-22,1246.0,1161.6908,-1.0,-5.476745655131205
2019-07-23,1202.0,1180.432,-1.0,-5.2622787451093505
2019-07-24,1232.0,1176.5078,-1.0,-2.120814267886855
2019-07-25,1232.0,1178.5638,-1.0,-4.337350424233969
2019-07-26,1232.0,1181.1035,-1.0,-4.131208147321429
2019-07-27,1212.0,1182.6163,-1.0,-4.0084145285866475
2019-07-28,1215.0,1175.6694,-1.0,-2.9975714856641913
2019-07-29,1193.0,1170.0953,-1.0,-3.6958570441100824
2019-07-30,1200.0,1158.8143,-1.0,-2.8655212862793378
2019-07-31,1184.0,1152.9584,-1.0,-3.920135498046875
2019-08-01,1184.0,1144.9756,-1.0,-3.2959809174408785
2019-08-02,1184.0,1139.5669,-1.0,-3.752796069995777
2019-08-03,1210.0,1137.0105,-1.0,-3.968707935230152
2019-08-04,1253.0,1145.9949,-1.0,-5.289679913481405
2019-08-05,1278.0,1170.8882,-1.0,-6.553217590283319
2019-08-06,1236.0,1200.0762,-1.0,-6.097326144366197
2019-08-07,1252.0,1203.433,-1.0,-2.6348718933302995
2019-08-08,1252.0,1204.0118,-1.0,-3.832920062275359
2019-08-09,1252.0,1203.3241,-1.0,-3.887851702900359
2019-08-10,1249.0,1202.5049,-1.0,-3.953284120407348
2019-08-11,1225.0,1200.9408,-1.0,-3.847814579788831
2019-08-12,1225.0,1190.946,-1.0,-2.779914700255102
2019-08-13,1226.0,1182.6033,-1.0,-3.4609574298469385
2019-08-14,1254.0,1178.467,-1.0,-3.8770765892638663
2019-08-15,1254.0,1187.7861,-1.0,-5.28021269437799
2019-08-16,1254.0,1197.4855,-1.0,-4.506740539648126
2019-08-17,1303.0,1203.6738,-1.0,-4.01325134569378
2019-08-18,1305.0,1224.8444,-1.0,-5.998130441169416
2019-08-19,1303.0,1242.7802,-1.0,-4.767804492935824
2019-08-20,1303.0,1252.1216,-1.0,-3.9047135816385263
2019-08-21,1311.0,1255.3405,-1.0,-3.6576781196037986
2019-08-22,1311.0,1258.5178,-1.0,-4.003217218487796
2019-08-23,1311.0,1260.4811,-1.0,-3.85346459942315
2019-08-24,1369.0,1261.4774,-1.0,-3.7774662858743326
2019-08-25,1357.0,1283.7974,-1.0,-6.2237134199233015
2019-08-26,1387.0,1299.2437,-1.0,-4.2561788987656595
2019-08-27,1434.0,1318.3453,-1.0,-4.949867562071917
2019-08-28,1387.0,1348.9127,-1.0,-5.9335620832243725
2019-08-29,1387.0,1353.3198,-1.0,-2.4282751104001443
2019-08-30,1387.0,1348.7607,-1.0,-2.756976049927902
2019-08-31,1365.0,1343.4244,-1.0,-3.141713159584535
2019-09-01,1425.0,1331.7975,-1.0,-2.4324186555631866
2019-09-02,1393.0,1345.7568,-1.0,-5.560923793859649
2019-09-03,1386.0,1349.7988,-1.0,-3.1013045136396267
2019-09-04,1397.0,1347.2244,-1.0,-2.7976648460046896
2019-09-05,1397.0,1348.0526,-1.0,-3.5037500139808517
2019-09-06,1397.0,1349.5933,-1.0,-3.3934673071760915
2019-09-07,1457.0,1350.8279,-1.0,-3.305090847575161
2019-09-08,1517.0,1374.1687,-1.0,-5.685058258622169
2019-09-09,1517.0,1417.4287,-1.0,-6.563697367336848
2019-09-10,1517.0,1449.7046,-1.0,-4.436085046555703
2019-09-11,1590.0,1466.4064,-1.0,-3.3351106084171063
2019-09-12,1590.0,1499.7094,-1.0,-5.6786571958529874
2019-09-13,1590.0,1524.6976,-1.0,-4.107067180129717
2019-09-14,1656.0,1537.8188,-1.0,-3.2818334807389937
2019-09-15,1645.0,1567.7012,-1.0,-5.332054838466183
2019-09-16,1616.0,1586.7954,-1.0,-3.5382729388297873
2019-09-17,1560.0,1584.892,-1.0,-1.9250019942179766
2019-09-18,1507.0,1556.9576,0.0,-0.1950229742588141
2019-09-19,1507.0,1512.8444,0.0,0.38781422372677504
2019-09-20,1507.0,1481.7018,-1.0,-1.6787138535791306
2019-09-21,1543.0,1466.7781,-1.0,-2.669006226152953
2019-09-22,1570.0,1476.4122,-1.0,-4.315474306849482
2019-09-23,1571.0,1499.9006,-1.0,-4.464927721934713
2019-09-24,1637.0,1518.7823,-1.0,-3.3238479546268302
2019-09-25,1682.0,1553.9362,-1.0,-5.074150444315058
2019-09-26,1682.0,1596.7504,-1.0,-5.068349214569709
2019-09-27,1682.0,1624.772,-1.0,-3.4023797469530317
2019-09-28,1766.0,1637.3992,-1.0,-2.65165458252824
2019-09-29,1833.0,1672.406,-1.0,-5.299773167645809
2019-09-30,1923.0,1725.5094,-1.0,-5.864189884666531
2019-10-01,1969.0,1797.6614,-1.0,-6.517869113202028
2019-10-02,1944.0,1864.9976,-1.0,-5.281992961211275
2019-10-03,1944.0,1895.447,-1.0,-2.497581199363426
2019-10-04,1944.0,1903.8949,-1.0,-2.063019677935314
2019-10-05,1978.0,1903.1136,-1.0,-2.1032074351369596
2019-10-06,1886.0,1913.6361,-1.0,-3.2539884530618046
2019-10-07,1860.0,1888.7944,0.0,0.14816721069724284
2019-10-08,1794.0,1854.8671,0.0,-0.27596422421034944
2019-10-09,1732.0,1807.2133,1.0,0.736524907242893
2019-10-10,1732.0,1751.5017,1.0,1.1259647219616051
2019-10-11,1732.0,1715.9431,-1.0,-0.9270718686850463
2019-10-12,1774.0,1700.3922,-1.0,-1.8249300280564378
2019-10-13,1836.0,1712.8931,-1.0,-3.44458475725761
2019-10-14,1784.0,1752.1158,-1.0,-4.5688537730630445
2019-10-15,1743.0,1763.4956,-1.0,-1.1493494692404709
2019-10-16,1669.0,1746.4491,0.0,0.1978827699189616
2019-10-17,1669.0,1698.9883,1.0,1.796781381066507
2019-10-18,1669.0,1660.7091,0.0,-0.4967581518686339
2019-10-19,1669.0,1639.386,-1.0,-1.7743567209032356
2019-10-20,1592.0,1631.0499,-1.0,-2.2738210450681544
2019-10-21,1578.0,1600.4412,1.0,0.5302237505888819
2019-10-22,1647.0,1570.1527,0.0,-0.4972934118544043
2019-10-23,1572.0,1577.594,-1.0,-4.214086573125379
2019-10-24,1572.0,1564.0978,-1.0,-0.5026858574864822
2019-10-25,1572.0,1549.8452,-1.0,-1.4093374781329517
2019-10-26,1528.0,1540.4492,-1.0,-2.0070471533078877
2019-10-27,1528.0,1519.0033,-1.0,-0.5887895354425721
2019-10-28,1587.0,1502.1505,-1.0,-1.691720373343423
2019-10-29,1587.0,1515.0885,-1.0,-4.531285382699275
2019-10-30,1635.0,1531.1769,-1.0,-3.517524897113264
2019-10-31,1635.0,1559.9974,-1.0,-4.587312750860092
2019-11-01,1635.0,1580.9506,-1.0,-3.305776053612385
2019-11-02,1602.0,1591.2771,-1.0,-2.674183510129969
2019-11-03,1671.0,1581.747,-1.0,-1.2642354405625782
2019-11-04,1651.0,1596.2814,-1.0,-4.471491797108768
2019-11-05,1633.0,1604.2601,-1.0,-2.8310035229595703
2019-11-06,1633.0,1600.712,-1.0,-1.9772176281192588
2019-11-07,1633.0,1595.4742,-1.0,-2.297964288789804
2019-11-08,1633.0,1591.9601,-1.0,-2.5131608690868035
2019-11-09,1679.0,1590.5305,-1.0,-2.600703148920698
2019-11-10,1607.0,1607.9564,-1.0,-4.231303103130584
2019-11-11,1611.0,1596.7975,-1.0,-0.6348795674198817
2019-11-12,1619.0,1583.6632,-1.0,-1.696883425958256
2019-11-13,1693.0,1578.0338,-1.0,-2.5303388834735947
2019-11-14,1693.0,1604.8279,-1.0,-5.208040114626403
2019-11-15,1693.0,1630.4596,-1.0,-3.694058196895304
2019-11-16,1646.0,1645.9586,-1.0,-2.7785813252178087
2019-11-17,1564.0,1634.6129,-1.0,-0.6918034605672844
2019-11-18,1584.0,1588.8237,1.0,1.5871950427589514
2019-11-19,1618.0,1558.5656,-1.0,-1.6057101162997158
2019-11-20,1604.0,1557.2548,-1.0,-3.754341116057633
2019-11-21,1604.0,1559.6173,-1.0,-2.767000650229894
2019-11-22,1604.0,1562.4625,-1.0,-2.5896181786744075
2019-11-23,1602.0,1564.417,-1.0,-2.46776856686409
2019-11-24,1638.0,1564.4966,-1.0,-2.341037326388889
2019-11-25,1688.0,1577.4707,-1.0,-3.6953172695360195
2019-11-26,1692.0,1607.8021,-1.0,-4.751059003350859
2019-11-27,1719.0,1632.6284,-1.0,-3.508958748891844
2019-11-28,1719.0,1656.4032,-1.0,-3.641466070844241
2019-11-29,1719.0,1670.4238,-1.0,-2.825838968877254
2019-11-30,1796.0,1676.1155,-1.0,-2.494736561045666
2019-12-01,1828.0,1706.5217,-1.0,-4.982086385544265
2019-12-02,1789.0,1744.3538,-1.0,-4.575833710852024
2019-12-03,1791.0,1755.0085,-1.0,-1.9000254375698713
2019-12-04,1775.0,1754.9248,-1.0,-2.0142487611669457
2019-12-05,1775.0,1745.891,-1.0,-1.6399441571302817
2019-12-06,1775.0,1738.1578,-1.0,-2.0756148217429575
2019-12-07,1765.0,1734.2004,-1.0,-2.2985667913732395
2019-12-08,1794.0,1729.5122,-1.0,-2.01063982825779
2019-12-09,1845.0,1737.9435,-1.0,-3.124666586102982
2019-12-10,1839.0,1766.5502,-1.0,-4.252023257537263
2019-12-11,1826.0,1787.6464,-1.0,-2.7924762205172646
2019-12-12,1826.0,1793.588,-1.0,-1.7750266870036966
2019-12-13,1826.0,1792.8595,-1.0,-1.814923490125274
2019-12-14,1827.0,1790.3917,-1.0,-1.9500698996269168
2019-12-15,1827.0,1788.7513,-1.0,-2.0935225630302408
2019-12-16,1824.0,1788.0748,-1.0,-2.130551225968117
2019-12-17,1795.0,1786.9481,-1.0,-2.0313530637506854
2019-12-18,1791.0,1775.2366,-1.0,-1.1010266147284122
2019-12-19,1791.0,1763.7444,-1.0,-1.5218098958333335
2019-12-20,1791.0,1756.8661,-1.0,-1.9058576846908153
2019-12-21,1832.0,1754.069,-1.0,-2.0620340744521215
2019-12-22,1822.0,1769.2434,-1.0,-3.425578154851255
2019-12-23,1900.0,1779.7637,-1.0,-2.318129973929748
2019-12-24,1987.0,1814.6831,-1.0,-4.490362870065789
2019-12-25,2052.0,1875.9694,-1.0,-5.587853027098013
2019-12-26,2052.0,1945.5947,-1.0,-5.185442175316765
2019-12-27,2052.0,1990.2195,-1.0,-3.0107464706688596
2019-12-28,2145.0,2010.1364,-1.0,-2.0401387651529
2019-12-29,2181.0,2050.8447,-1.0,-4.389523237179487
2019-12-30,2238.0,2095.277,-1.0,-3.9304401829722604
2019-12-31,2165.0,2145.7998,-1.0,-4.119758503686327
2020-01-01,2133.0,2150.549,-1.0,-0.6674793410796767
2020-01-02,2133.0,2128.9746,0.0,-0.18871967299578057
2020-01-03,2133.0,2109.0417,-1.0,-1.1232185632032348
2020-01-04,2027.0,2098.119,-1.0,-1.6353072440518048
2020-01-05,1926.0,2054.148,1.0,1.3393166856808092
2020-01-06,1926.0,1980.4132,1.0,2.825192523770119
2020-01-07,1838.0,1927.9037,0.0,0.09884146019924714
2020-01-08,1802.0,1868.6188,1.0,1.6658745600686888
2020-01-09,1802.0,1817.3972,1.0,0.8544515425568812
2020-01-10,1802.0,1788.5457,-1.0,-0.746634056777192
2020-01-11,1838.0,1777.0784,-1.0,-1.3829983828731964
2020-01-12,1929.0,1788.3318,-1.0,-2.702296675224429
2020-01-13,2024.0,1835.683,-1.0,-4.837585101169648
2020-01-14,2115.0,1910.2458,-1.0,-5.6202643473628955
2020-01-15,2191.0,1997.3632,-1.0,-5.562025570700355
2020-01-16,2191.0,2082.16,-1.0,-4.967598717052716
2020-01-17,2191.0,2132.0227,-1.0,-2.6917980338601097
2020-01-18,2288.0,2151.682,-1.0,-1.7945283082781835
2020-01-19,2273.0,2192.1155,-1.0,-4.1907570578835225
2020-01-20,2284.0,2216.6736,-1.0,-2.4780649368950725
2020-01-21,2283.0,2232.1624,-1.0,-2.2695992331162436
2020-01-22,2369.0,2239.5125,-1.0,-1.9048422614159
2020-01-23,2369.0,2276.0422,-1.0,-3.9239241735700716
2020-01-24,2369.0,2307.3628,-1.0,-2.601823851044745
2020-01-25,2485.0,2326.0273,-1.0,-1.813957629801604
2020-01-26,2599.0,2379.6626,-1.0,-4.238929671780684
2020-01-27,2684.0,2466.8389,-1.0,-5.085076291362062
2020-01-28,2782.0,2562.7563,-1.0,-4.517274677486959
2020-01-29,2782.0,2661.9453,-1.0,-4.315409327821711
2020-01-30,2782.0,2722.7705,-1.0,-2.1290255998382457
2020-01-31,2782.0,2748.82,-1.0,-1.1926646887356218
2020-02-01,2782.0,2754.938,-1.0,-0.9727538360442128
2020-02-02,3064.0,2753.5784,-1.0,-1.021625839661215
2020-02-03,3217.0,2862.7043,-1.0,-6.569701510994615
2020-02-04,3213.0,3020.7446,-1.0,-6.100571062907989
2020-02-05,3282.0,3129.1924,-1.0,-2.6083914468565204
2020-02-06,3282.0,3208.747,-1.0,-2.2319600757922
2020-02-07,3282.0,3248.309,-1.0,-1.0265361964884216
2020-02-08,3140.0,3261.146,-1.0,-0.6354053597273005
2020-02-09,3084.0,3205.478,1.0,2.085287495023885
2020-02-10,2944.0,3132.5044,1.0,1.5727754387564852
2020-02-11,2944.0,3030.0874,1.0,2.9241644817849863
2020-02-12,2959.0,2962.7207,1.0,0.6358934485394022
2020-02-13,2959.0,2939.6514,-1.0,-0.6538909365495099
2020-02-14,2959.0,2939.7085,-1.0,-0.651960253675228
2020-02-15,2826.0,2947.2024,0.0,-0.3987025151022305
2020-02-16,2895.0,2901.4177,1.0,2.6687092926176574
2020-02-17,2833.0,2886.0195,0.0,-0.31020617443868737
2020-02-18,2930.0,2859.5269,1.0,0.9363521167931521
2020-02-19,3020.0,2878.097,-1.0,-1.7714360468216723
2020-02-20,3020.0,2936.3245,-1.0,-2.7707131493170527
2020-02-21,3020.0,2981.6255,-1.0,-1.2706791959850994
2020-02-22,2957.0,3004.547,-1.0,-0.5116847966680463
2020-02-23,3096.0,2986.2207,1.0,0.9881874577274263
2020-02-24,3127.0,3018.1174,-1.0,-2.515586833313146
2020-02-25,3186.0,3062.8027,-1.0,-2.0529985809082185
2020-02-26,3104.0,3116.813,-1.0,-2.171594843651915
2020-02-27,3104.0,3119.335,0.0,0.4940386899967783
2020-02-28,3104.0,3106.9548,0.0,0.09519439382651416
2020-02-29,2992.0,3095.4736,0.0,-0.27468966454574745
2020-03-01,3130.0,3044.8735,1.0,1.767163608163436
2020-03-02,3260.0,3059.3064,-1.0,-2.25858158196885
2020-03-03,3416.0,3137.993,-1.0,-3.742548468654141
2020-03-04,3442.0,3265.9553,-1.0,-4.392408598781469
2020-03-05,3442.0,3366.9524,-1.0,-2.1803488501416326
2020-03-06,3442.0,3419.6665,-1.0,-0.6488522979009297
2020-03-07,3291.0,3437.0369,0.0,-0.14419334008207438
2020-03-08,3291.0,3376.5483,1.0,2.599463380241568
2020-03-09,3137.0,3319.3755,1.0,0.8622147760938925
2020-03-10,3092.0,3225.2773,1.0,2.8140689751354797
2020-03-11,3187.0,3142.705,1.0,1.639879628880983
2020-03-12,3187.0,3135.6628,-1.0,-1.6108301915006273
2020-03-13,3187.0,3153.5913,-1.0,-1.0482802449403827
2020-03-14,3060.0,3172.4565,0.0,-0.45633690088641354
2020-03-15,2928.0,3133.7664,1.0,2.410665275224673
2020-03-16,3069.0,3042.113,1.0,3.8973031799649935
2020-03-17,3102.0,3027.6045,-1.0,-1.3488272340338872
2020-03-18,3231.0,3052.2505,-1.0,-1.603788256568343
2020-03-19,3231.0,3128.984,-1.0,-3.1574160718430826
2020-03-20,3231.0,3188.8901,-1.0,-1.3033074367455897
2020-03-21,3231.0,3219.4526,0.0,-0.3573928592154132
2020-03-22,3231.0,3228.4983,0.0,-0.07742831892216032
2020-03-23,3231.0,3226.9465,0.0,-0.12545548736846177
2020-03-24,3357.0,3222.5498,0.0,-0.26153498336428355
2020-03-25,3490.0,3269.358,-1.0,-2.6107265369005064
2020-03-26,3490.0,3364.8633,-1.0,-3.5855793338108883
2020-03-27,3490.0,3435.8804,-1.0,-1.5507056993194843
2020-03-28,3571.0,3471.9531,-1.0,-0.517102435530086
2020-03-29,3748.0,3516.314,-1.0,-1.5313927515051806
2020-03-30,3848.0,3616.1536,-1.0,-3.5177810978355124
2020-03-31,3848.0,3731.441,-1.0,-3.0290821733692828
2020-04-01,3848.0,3804.7441,-1.0,-1.1241127696205822
2020-04-02,3848.0,3837.141,0.0,-0.28219560079911643
2020-04-03,3848.0,3845.377,0.0,-0.06816649883056133
2020-04-04,4034.0,3844.2212,0.0,-0.09820188653196466
2020-04-05,4170.0,3917.599,-1.0,-2.885495262921418
2020-04-06,4278.0,4038.0671,-1.0,-3.1638575858063547
2020-04-07,4471.0,4167.928,-1.0,-2.5729728224345485
2020-04-08,4678.0,4327.398,-1.0,-3.2118553071180944
2020-04-09,4678.0,4515.028,-1.0,-3.4838000848386064
2020-04-10,4678.0,4632.6875,-1.0,-0.9686297563061138
2020-04-11,4678.0,4682.5073,0.0,0.09635152241876871
2020-04-12,4678.0,4693.068,0.0,0.32210070743373237
2020-04-13,4645.0,4689.216,0.0,0.23975674032706284
2020-04-14,4468.0,4670.996,1.0,0.5596575618945102
2020-04-15,4660.0,4585.533,1.0,2.630555128133393
2020-04-16,4660.0,4599.8774,-1.0,-1.2901836608100858
2020-04-17,4660.0,4637.17,0.0,-0.4899158395922747
2020-04-18,4893.0,4667.848,0.0,0.16841511869635195
2020-04-19,5027.0,4782.3765,-1.0,-2.2608529563917843
2020-04-20,5118.0,4928.077,-1.0,-1.9678307452257806
2020-04-21,5352.0,5059.5522,-1.0,-1.1420037887114107
2020-04-22,5619.0,5229.8457,-1.0,-2.2824046501307924
2020-04-23,5619.0,5450.7236,-1.0,-2.994774287017263
2020-04-24,5619.0,5590.7935,-1.0,-0.501985103554903
2020-04-25,5858.0,5649.096,1.0,0.5356147251512725
2020-04-26,6135.0,5762.1934,-1.0,-1.6354837935302151
2020-04-27,6441.0,5960.8623,-1.0,-2.8384302414425426
2020-04-28,6598.0,6231.781,-1.0,-3.2482415507102935
2020-04-29,6762.0,6476.199,-1.0,-1.8460257843285846
2020-04-30,6762.0,6681.383,-1.0,-1.1922092206447796
2020-05-01,6762.0,6787.4575,0.0,0.37647914124889087
2020-05-02,6931.0,6821.8086,1.0,0.8844808303756285
2020-05-03,6993.0,6898.097,0.0,-0.47471983885802915
2020-05-04,6993.0,6981.8286,0.0,-0.15975098982911481
2020-05-05,6993.0,7034.7183,1.0,0.5965717391498642
2020-05-06,7615.0,7060.082,1.0,0.9592740061490062
2020-05-07,7615.0,7347.249,-1.0,-3.5160994952396587
2020-05-08,7615.0,7579.2495,0.0,-0.46947456705515433
2020-05-09,7878.0,7697.0986,1.0,1.0781173054826
2020-05-10,8129.0,7851.295,0.0,-0.338982966806296
2020-05-11,8487.0,8058.8945,-1.0,-0.8624119664165333
2020-05-12,8842.0,8351.394,-1.0,-1.597813659862142
2020-05-13,9284.0,8698.807,-1.0,-1.6194679865980548
2020-05-14,9284.0,9109.647,-1.0,-1.877989434107066
2020-05-15,9284.0,9348.72,1.0,0.6971103679717794
2020-05-16,9719.0,9432.412,1.0,1.5985793771542438
2020-05-17,9806.0,9641.731,-1.0,-0.7950257710412594
2020-05-18,10292.0,9828.073,0.0,0.22509934925045888
2020-05-19,10619.0,10158.684,-1.0,-1.2953401306840264
2020-05-20,11149.0,10533.513,-1.0,-0.8050410084518317
2020-05-21,11149.0,11005.929,-1.0,-1.2832656656426584
2020-05-22,11149.0,11280.489,1.0,1.1793816289577541
2020-05-23,11643.0,11373.301,1.0,2.011846634227285
2020-05-24,11643.0,11618.899,0.0,-0.20699635779008846
2020-05-25,11643.0,11784.766,1.0,1.2176039251052133
2020-05-26,11643.0,11854.543,1.0,1.816911180537662
2020-05-27,11643.0,11870.23,1.0,1.9516487911191274
2020-05-28,11643.0,11869.168,1.0,1.9425231362191875
2020-05-29,11643.0,11869.862,1.0,1.9484866845958946
2020-05-30,11061.0,11876.578,1.0,2.0061678691059006
2020-05-31,10727.0,11597.26,1.0,4.848203287451406
2020-06-01,10242.0,11223.927,1.0,4.632485856367111
2020-06-02,10242.0,10774.653,1.0,5.2006768239845735
2020-06-03,10242.0,10527.798,1.0,2.7904496344708063
2020-06-04,10242.0,10454.349,1.0,2.0733121735256788
2020-06-05,10242.0,10465.516,1.0,2.182343536418668
2020-06-06,10105.0,10495.455,1.0,2.474663914518649
2020-06-07,10600.0,10447.688,1.0,3.3912763638050474
2020-06-08,10747.0,10636.692,0.0,0.34615455483490565
2020-06-09,10938.0,10860.293,1.0,1.0541822717967804
2020-06-10,11484.0,11074.152,1.0,1.2447645250502835
2020-06-11,11484.0,11445.169,0.0,-0.3381317893373389
2020-06-12,11484.0,11670.258,1.0,1.6218896943573666
2020-06-13,12050.0,11743.603,1.0,2.2605585080329154
2020-06-14,12630.0,12020.112,0.0,-0.24803066649377592
2020-06-15,13260.0,12503.326,-1.0,-1.0029598426365796
2020-06-16,13920.0,13126.68,-1.0,-1.0054322209653093
2020-06-17,13920.0,13821.696,-1.0,-0.7062048199533046
2020-06-18,13920.0,14183.901,1.0,1.895843155082615
2020-06-19,13920.0,14273.175,1.0,2.537175321030891
2020-06-20,14610.0,14242.749,1.0,2.318599306303879
2020-06-21,15330.0,14563.536,0.0,-0.31802783838124576
2020-06-22,15330.0,15200.896,-1.0,-0.8421625285388128
2020-06-23,15330.0,15600.583,1.0,1.7650554977984345
2020-06-24,16080.0,15739.722,1.0,2.672678928163731
2020-06-25,16080.0,16151.636,0.0,0.4454959091262438
2020-06-26,16080.0,16412.982,1.0,2.0707862056902986
2020-06-27,16880.0,16501.107,1.0,2.618827250466418
2020-06-28,17490.0,16945.873,0.0,0.3902431686907583
2020-06-29,17500.0,17587.31,1.0,0.5563781982561464
2020-06-30,18290.0,17941.676,1.0,2.523861607142857
2020-07-01,19200.0,18484.545,1.0,1.0636682442591578
2020-07-02,19200.0,19300.215,1.0,0.5219523111979166
2020-07-03,19200.0,19726.318,1.0,2.741241455078125
2020-07-04,20110.0,19809.0,1.0,3.1718749999999996
2020-07-05,21110.0,20291.463,1.0,0.9023515197662855
2020-07-06,22160.0,21198.986,0.0,0.42153637198010424
2020-07-07,23260.0,22344.46,1.0,0.8324049526173285
2020-07-08,24420.0,23575.957,1.0,1.358370727644024
2020-07-09,24420.0,24832.44,1.0,1.6889412494881246
2020-07-10,24420.0,25310.73,1.0,3.647544917076167
2020-07-11,24420.0,25269.22,1.0,3.477562256859132
2020-07-12,25640.0,25099.223,1.0,2.7814195587633086
2020-07-13,26910.0,25798.191,1.0,0.6169711632215289
2020-07-14,28250.0,27146.912,1.0,0.8803868798773691
2020-07-15,28250.0,28757.049,1.0,1.7948631084070794
2020-07-16,28250.0,29410.588,1.0,4.108275719026548
2020-07-17,28250.0,29371.219,1.0,3.96891592920354
2020-07-18,28250.0,29144.838,1.0,3.1675677544247787
2020-07-19,28250.0,28997.654,1.0,2.646563882743363
2020-07-20,34470.0,28972.303,1.0,2.5568238384955753
2020-07-21,34080.0,33455.668,-1.0,-2.942651671743545
2020-07-22,32380.0,35904.984,1.0,5.355001100352113
2020-07-23,32380.0,34805.477,1.0,7.490662638974675
2020-07-24,32380.0,33476.3,1.0,3.3857343460469425
2020-07-25,32730.0,32920.4,1.0,1.6689266136504015
2020-07-26,31100.0,33191.46,1.0,1.409902039413382
2020-07-27,29550.0,32348.457,1.0,4.014331290192926
2020-07-28,29060.0,30773.082,1.0,4.139025486463622
2020-07-29,27810.0,29804.047,1.0,2.5603815381968342
2020-07-30,27810.0,28811.707,1.0,3.6019670307443366
2020-07-31,27810.0,28531.307,1.0,2.5936952197950376
2020-08-01,27630.0,28654.387,1.0,3.0362701141675656
2020-08-02,26870.0,28700.828,1.0,3.8755994390155624
2020-08-03,26040.0,28174.982,1.0,4.856652109694827
2020-08-04,26840.0,27262.086,1.0,4.693110359062979
2020-08-05,27980.0,27351.156,1.0,1.9044569672131146
2020-08-06,27980.0,28387.518,1.0,1.456460250625447
2020-08-07,27980.0,28993.898,1.0,3.623654172623302
2020-08-08,27980.0,29082.406,1.0,3.939979449606862
2020-08-09,28650.0,28944.105,1.0,3.4456950276983562
2020-08-10,27250.0,29265.695,1.0,2.1490237783595116
2020-08-11,26430.0,28499.447,1.0,4.58512758027523
2020-08-12,25890.0,27410.852,1.0,3.711129634884601
2020-08-13,25890.0,26597.027,1.0,2.730889701622248
2020-08-14,25890.0,26400.7,1.0,1.9725732667052915
2020-08-15,24600.0,26525.389,1.0,2.454185677385091
2020-08-16,23760.0,25836.564,1.0,5.026684768800814
2020-08-17,23760.0,24860.021,1.0,4.629720052083333
2020-08-18,25370.0,24426.28,1.0,2.804205794928451
2020-08-19,24110.0,25441.033,0.0,0.2799889756602286
2020-08-20,24110.0,25378.17,1.0,5.259933313459145
2020-08-21,24110.0,25092.488,1.0,4.075023978639568
2020-08-22,22960.0,24901.273,1.0,3.2819304749066776
2020-08-23,22340.0,24085.793,1.0,4.903279480618467
2020-08-24,22110.0,23219.967,1.0,3.9389740236123543
2020-08-25,21300.0,22724.857,1.0,2.7809019533016737
2020-08-26,22060.0,22128.428,1.0,3.889332086267606
2020-08-27,22060.0,22357.734,1.0,1.349657184950136
2020-08-28,22060.0,22671.176,1.0,2.770515780825023
2020-08-29,22060.0,22832.13,1.0,3.50013988837262
2020-08-30,22060.0,22852.473,1.0,3.592351116273799
2020-08-31,21220.0,22806.479,1.0,3.383855465208522
2020-09-01,21060.0,22228.656,1.0,4.75332822808671
2020-09-02,20950.0,21755.387,1.0,3.301931238129155
2020-09-03,20950.0,21514.475,1.0,2.694389543556086
2020-09-04,20950.0,21480.48,1.0,2.5321263424821003
2020-09-05,20520.0,21531.486,1.0,2.7755910650357993
2020-09-06,19900.0,21321.951,1.0,3.908144112451267
2020-09-07,19810.0,20799.756,1.0,4.521386228015075
2020-09-08,19780.0,20449.965,1.0,3.230514102725896
2020-09-09,19540.0,20325.135,1.0,2.7559897149898887
2020-09-10,19540.0,20189.62,1.0,3.3245605968526095
2020-09-11,19540.0,20135.791,1.0,3.0490840103633574
2020-09-12,19250.0,20133.998,1.0,3.0399081211617194
2020-09-13,19150.0,19971.742,1.0,3.7493100649350652
2020-09-14,18200.0,19799.502,1.0,3.3916551077023502
2020-09-15,17590.0,19158.6,1.0,5.267030820741758
2020-09-16,17590.0,18413.668,1.0,4.682592204377487
2020-09-17,17590.0,18061.514,1.0,2.680578009522456
2020-09-18,17590.0,18007.258,1.0,2.372130827174531
2020-09-19,17310.0,18069.568,1.0,2.7263692971859013
2020-09-20,17170.0,17974.715,1.0,3.840062644425188
2020-09-21,17120.0,17812.807,1.0,3.7437777555329057
2020-09-22,17120.0,17686.373,1.0,3.3082537784754673
2020-09-23,17120.0,17629.023,1.0,2.973267742406542
2020-09-24,17120.0,17613.691,1.0,2.8837114851051404
2020-09-25,17120.0,17612.645,1.0,2.8775965610397196
2020-09-26,17120.0,17611.809,1.0,2.8727137485397196
2020-09-27,17120.0,17607.805,1.0,2.84932644567757
2020-09-28,17120.0,17602.025,1.0,2.8155688704731308
2020-09-29,17120.0,17596.63,1.0,2.784058758031542
2020-09-30,17120.0,17592.914,1.0,2.762348495911215
2020-10-01,17120.0,17591.158,1.0,2.7520923079731308
2020-10-02,17120.0,17590.984,1.0,2.7510769567757007
2020-10-03,17120.0,17591.82,1.0,2.7559597692757007
2020-10-04,17120.0,17593.135,1.0,2.7636376496787385
2020-10-05,17120.0,17594.545,1.0,2.771874543662383
2020-10-06,17120.0,17595.842,1.0,2.779449748101636
2020-10-07,17120.0,17596.928,1.0,2.7857928409754673
2020-10-08,17120.0,17597.787,1.0,2.7908125547605143
2020-10-09,17120.0,17598.43,1.0,2.7945659316588785
2020-10-10,17120.0,17598.898,1.0,2.797303957359813
2020-10-11,17120.0,17599.229,1.0,2.799231983790888
2020-10-12,17120.0,17599.45,1.0,2.800521137558411
2020-10-13,17120.0,17599.59,1.0,2.8013425452686915
2020-10-14,17120.0,17599.67,1.0,2.8018102913259346
2020-10-15,17120.0,17599.71,1.0,2.8020498685747666
2020-10-16,17120.0,17599.723,1.0,2.8021183192172896
2020-10-17,17120.0,17599.717,1.0,2.802084093896028
2020-10-18,17120.0,17599.7,1.0,2.801981417932243
2020-10-19,17120.0,17599.674,1.0,2.801833108206776
2020-10-20,17120.0,17599.65,1.0,2.8016962069217293
2020-10-21,17120.0,17599.623,1.0,2.801536488755841
2020-10-22,17120.0,17599.598,1.0,2.801388179030374
2020-10-23,17120.0,17599.576,1.0,2.8012626861857477
2020-10-24,17120.0,17599.555,1.0,2.8011371933411215
2020-10-25,17120.0,17599.54,1.0,2.801045925817757
2020-10-26,17120.0,17599.523,1.0,2.8009546582943927
2020-10-27,17120.0,17599.512,1.0,2.8008862076518692
2020-10-28,17120.0,17599.502,1.0,2.800829165449766
2020-10-29,17120.0,17599.494,1.0,2.8007835316880842
2020-10-30,17120.0,17599.486,1.0,2.800737897926402
2020-10-31,17120.0,17599.482,1.0,2.8007150810455608
2020-11-01,17120.0,17599.477,1.0,2.800680855724299
2020-11-02,17120.0,17599.475,1.0,2.8006694472838785
2020-11-03,17120.0,17599.47,1.0,2.8006466304030373
2020-11-04,17120.0,17599.465,1.0,2.800612405081776
2020-11-05,17120.0,17599.465,1.0,2.800612405081776
2020-11-06,17120.0,17599.465,1.0,2.800612405081776
2020-11-07,17120.0,17599.465,1.0,2.800612405081776
2020-11-08,17120.0,17599.463,1.0,2.800600996641355
2020-11-09,17120.0,17599.46,1.0,2.8005895882009346
2020-11-10,17120.0,17599.46,1.0,2.8005895882009346
2020-11-11,17120.0,17599.46,1.0,2.8005895882009346
2020-11-12,17120.0,17599.46,1.0,2.8005895882009346
2020-11-13,17120.0,17599.46,1.0,2.8005895882009346
2020-11-14,17120.0,17599.459,1.0,2.800578179760514
2020-11-15,17120.0,17599.459,1.0,2.800578179760514
2020-11-16,14760.0,17599.459,1.0,2.800578179760514
2020-11-17,14460.0,16281.641,1.0,10.309218326558266
2020-11-18,15080.0,15211.964,1.0,5.200303369208161
2020-11-19,15080.0,15099.944,0.0,0.13225686961206895
2020-11-20,15080.0,15296.625,1.0,1.4365053050397878
2020-11-21,14580.0,15491.222,1.0,2.7269342154343503
2020-11-22,13940.0,15320.628,1.0,5.079752604166667
2020-11-23,13390.0,14799.507,1.0,6.165759224802726
2020-11-24,13680.0,14160.018,1.0,5.750691397498133
2020-11-25,13150.0,13962.296,1.0,2.0635665090460527
2020-11-26,13150.0,13693.032,1.0,4.129522635456274
2020-11-27,13150.0,13547.839,1.0,3.025390625
2020-11-28,12580.0,13506.393,1.0,2.7102097195817487
2020-11-29,13160.0,13215.832,1.0,5.054308674483307
2020-11-30,13810.0,13305.829,1.0,1.1081238720554711
2020-12-01,14500.0,13776.151,0.0,-0.2451023375271542
2020-12-02,15050.0,14466.861,0.0,-0.22854256465517242
2020-12-03,15050.0,15150.914,1.0,0.6705253322259136
2020-12-04,15050.0,15467.398,1.0,2.7734115448504983
2020-12-05,15400.0,15508.554,1.0,3.0468685112126246
2020-12-06,16140.0,15632.744,1.0,1.511325588474026
2020-12-07,15810.0,16109.203,0.0,-0.19081087360594795
2020-12-08,15220.0,16242.585,1.0,2.7361477605154967
2020-12-09,15290.0,15903.762,1.0,4.492521148160315
2020-12-10,15290.0,15672.658,1.0,2.502669739208633
2020-12-11,15290.0,15596.437,1.0,2.004163004823414
2020-12-12,15830.0,15612.809,1.0,2.1112399852844996
2020-12-13,15290.0,15953.31,1.0,0.7789612780322173
2020-12-14,15020.0,15909.314,1.0,4.050454238881622
2020-12-15,14270.0,15652.701,1.0,4.212391290778961
2020-12-16,13580.0,15071.675,1.0,5.617903326471619
2020-12-17,13580.0,14349.921,1.0,5.66952060705081
2020-12-18,13580.0,13971.449,1.0,2.8825421115611194
2020-12-19,13530.0,13877.5625,1.0,2.191181885125184
2020-12-20,13000.0,13887.06,1.0,2.6390212144308944
2020-12-21,12760.0,13648.019,1.0,4.984758112980769
2020-12-22,13250.0,13344.371,1.0,4.579710766065831
2020-12-23,13890.0,13423.191,1.0,1.3071049528301886
2020-12-24,13890.0,13883.62,0.0,-0.04593148173146148
2020-12-25,13890.0,14203.835,1.0,2.259430964272858
2020-12-26,13670.0,14318.449,1.0,3.084587607991361
2020-12-27,13730.0,14192.869,1.0,3.824938848756401
2020-12-28,13790.0,14090.705,1.0,2.627130940458849
2020-12-29,13190.0,14070.369,1.0,2.0331337246192893
2020-12-30,12670.0,13766.713,1.0,4.3723494361258535
2020-12-31,12670.0,13284.528,1.0,4.85026298589187
2021-01-01,12670.0,13008.173,1.0,2.6690832798934494
2021-01-02,12040.0,12928.253,1.0,2.0383025231846883
2021-01-03,11530.0,12626.183,1.0,4.868626388600498
2021-01-04,11580.0,12171.455,1.0,5.563357138985256
2021-01-05,11080.0,11931.063,1.0,3.0316362397452505
2021-01-06,10560.0,11612.855,1.0,4.809164880415163
2021-01-07,10560.0,11177.443,1.0,5.847001509232955
2021-01-08,10560.0,10923.303,1.0,3.4403668027935606
2021-01-09,10170.0,10833.5205,1.0,2.590156323982008
2021-01-10,10610.0,10637.363,1.0,4.595509156833825
2021-01-11,10300.0,10718.714,1.0,1.02463588301131
2021-01-12,9830.0,10673.953,1.0,3.6306128640776696
2021-01-13,9350.0,10386.987,1.0,5.6661984200152595
2021-01-14,9350.0,9939.086,1.0,6.30038435828877
2021-01-15,9350.0,9655.967,1.0,3.272372159090909
2021-01-16,8960.0,9543.362,1.0,2.0680460394385025
2021-01-17,8960.0,9344.44,1.0,4.290629795619419
2021-01-18,8890.0,9218.196,1.0,2.8816550118582587
2021-01-19,8530.0,9134.51,1.0,2.7503910643982
2021-01-20,8450.0,8931.173,1.0,4.7030814954572095
2021-01-21,8450.0,8751.896,1.0,3.572739460059172
2021-01-22,8450.0,8657.045,1.0,2.4502357618343193
2021-01-23,8820.0,8624.572,1.0,2.065943971893491
2021-01-24,8810.0,8792.139,0.0,-0.31588807397959184
2021-01-25,8460.0,8927.692,1.0,1.3358953781214529
2021-01-26,8100.0,8827.844,1.0,4.34803486997636
2021-01-27,7740.0,8543.092,1.0,5.470269097222222
2021-01-28,7740.0,8172.3467,1.0,5.585874414567184
2021-01-29,7740.0,7946.416,1.0,2.666873586886305
2021-01-30,8100.0,7860.593,1.0,1.5580461684431524
2021-01-31,8120.0,8016.6616,-1.0,-1.0288688753858026
2021-02-01,7780.0,8177.6074,1.0,0.7094510083128079
2021-02-02,7900.0,8113.3013,1.0,4.284078014540489
2021-02-03,8150.0,8071.3193,1.0,2.1685991890822787
2021-02-04,8150.0,8161.8975,0.0,0.145981115797546
2021-02-05,8150.0,8242.744,1.0,1.1379649156441718
2021-02-06,7780.0,8283.251,1.0,1.6349813075153374
2021-02-07,8130.0,8124.2583,1.0,4.424913891789846
2021-02-08,8140.0,8143.955,0.0,0.1716491774292743
2021-02-09,8480.0,8203.807,1.0,0.7838653639434889
2021-02-10,8480.0,8405.031,-1.0,-0.8840654481132075
2021-02-11,8480.0,8553.033,1.0,0.861240602889151
2021-02-12,8480.0,8620.733,1.0,1.659591962706368
2021-02-13,8970.0,8635.329,1.0,1.8317111033313678
2021-02-14,9050.0,8854.855,-1.0,-1.2836625557413601
2021-02-15,8870.0,9063.755,0.0,0.15198765538674033
2021-02-16,8760.0,9091.383,1.0,2.495860343855693
2021-02-17,8700.0,9008.437,1.0,2.836033372574201
2021-02-18,8700.0,8906.714,1.0,2.376021461925287
2021-02-19,8700.0,8848.094,1.0,1.702227011494253
2021-02-20,8630.0,8830.676,1.0,1.502020474137931
2021-02-21,8620.0,8803.566,1.0,2.0111982184241017
2021-02-22,8610.0,8785.381,1.0,1.9185714544663575
2021-02-23,8540.0,8775.226,1.0,1.9189963523519162
2021-02-24,8520.0,8740.46,1.0,2.3473063341627634
2021-02-25,8520.0,8706.336,1.0,2.187041519953052
2021-02-26,8520.0,8687.486,1.0,1.965801973298122
2021-02-27,8520.0,8680.621,1.0,1.8852241050469485
2021-02-28,8520.0,8679.428,1.0,1.871217539612676
2021-03-01,8500.0,8679.541,1.0,1.8725471317488263
2021-03-02,8460.0,8669.85,1.0,1.9982306985294118
2021-03-03,8460.0,8642.725,1.0,2.159865359042553
2021-03-04,8460.0,8622.7,1.0,1.923170157358156
2021-03-05,8460.0,8613.002,1.0,1.8085337248817965
2021-03-06,8430.0,8610.183,1.0,1.7752082409869978
2021-03-07,8390.0,8596.538,1.0,1.9755407584519573
2021-03-08,8330.0,8567.841,1.0,2.1196760466328963
2021-03-09,8230.0,8520.555,1.0,2.2875712785114044
2021-03-10,8230.0,8443.974,1.0,2.5999226344167683
2021-03-11,8230.0,8394.798,1.0,2.002404028705954
2021-03-12,8230.0,8375.138,1.0,1.7635199916464155
2021-03-13,8210.0,8372.596,1.0,1.7326330877885783
2021-03-14,8160.0,8366.811,1.0,1.9099944808160778
2021-03-15,8030.0,8339.732,1.0,2.202603209252451
2021-03-16,8010.0,8259.336,1.0,2.8559892590286426
2021-03-17,7900.0,8191.748,1.0,2.2690143180399502
2021-03-18,7900.0,8107.105,1.0,2.62158203125
2021-03-19,7900.0,8056.404,1.0,1.9797950454905062
2021-03-20,7900.0,8037.3384,1.0,1.7384604924841771
2021-03-21,7900.0,8035.3213,1.0,1.7129277096518989
2021-03-22,7900.0,8038.538,1.0,1.7536466574367089
2021-03-23,7900.0,8040.9814,1.0,1.7845752571202533
2021-03-24,7900.0,8041.0054,1.0,1.7848781151107596
2021-03-25,7900.0,8039.128,1.0,1.7611130340189871
2021-03-26,7900.0,8036.4473,1.0,1.7271805775316456
2021-03-27,8230.0,8033.8564,1.0,1.6943853837025316
2021-03-28,8340.0,8182.1396,-1.0,-0.5815352559234508
2021-03-29,8340.0,8352.601,0.0,0.15108616232014388
2021-03-30,8360.0,8451.977,1.0,1.342644634292566
2021-03-31,8830.0,8495.804,1.0,1.6244463030801435
2021-04-01,8830.0,8720.258,-1.0,-1.2428333805209513
2021-04-02,8830.0,8887.882,1.0,0.6555134307757645
2021-04-03,8710.0,8964.894,1.0,1.5276733260192525
2021-04-04,8620.0,8926.695,1.0,2.48789107347876
2021-04-05,8450.0,8834.5205,1.0,2.4886369815835265
2021-04-06,8820.0,8693.217,1.0,2.8783052884615383
2021-04-07,8860.0,8778.213,0.0,-0.47377675028344673
2021-04-08,8860.0,8904.763,1.0,0.5052222947234764
2021-04-09,8860.0,8989.2,1.0,1.4582414820823928
2021-04-10,8710.0,9026.036,1.0,1.8739969843397293
2021-04-11,8830.0,8963.476,1.0,2.9101674619690012
2021-04-12,9250.0,8959.216,1.0,1.4633728234711212
2021-04-13,9690.0,9166.978,-1.0,-0.8975401182432433
2021-04-14,9500.0,9541.942,-1.0,-1.5279423858359131
2021-04-15,9500.0,9697.8125,1.0,2.0822368421052633
2021-04-16,9500.0,9723.916,1.0,2.3570106907894735
2021-04-17,9480.0,9700.248,1.0,2.107874177631579
2021-04-18,9480.0,9663.025,1.0,1.9306475804324894
2021-04-19,9460.0,9640.381,1.0,1.6917812170358648
2021-04-20,9340.0,9625.356,1.0,1.7479539673625792
2021-04-21,9330.0,9566.344,1.0,2.423380620985011
2021-04-22,9330.0,9522.616,1.0,2.064482432341908
2021-04-23,9330.0,9505.797,1.0,1.8842108788853162
2021-04-24,9300.0,9506.059,1.0,1.887016010182208
2021-04-25,9300.0,9498.076,1.0,2.129851310483871
2021-04-26,9290.0,9492.374,1.0,2.0685378864247315
2021-04-27,9240.0,9484.897,1.0,2.0979274589612484
2021-04-28,8970.0,9456.234,1.0,2.3401988636363638
2021-04-29,8970.0,9307.821,1.0,3.766123623885173
2021-04-30,8970.0,9197.319,1.0,2.5342177919453737
2021-05-01,8800.0,9146.651,1.0,1.969357493729097
2021-05-02,8790.0,9056.127,1.0,2.9105335582386362
2021-05-03,8790.0,8993.761,1.0,2.318097180745165
2021-05-04,8790.0,8967.207,1.0,2.0160071814562004
2021-05-05,8750.0,8961.925,1.0,1.9559135914391352
2021-05-06,8750.0,8945.385,1.0,2.23296875
2021-05-07,8750.0,8932.419,1.0,2.0847879464285715
2021-05-08,8750.0,8924.609,1.0,1.9955357142857142
2021-05-09,8750.0,8920.11,1.0,1.9441183035714287
2021-05-10,8740.0,8917.153,1.0,1.9103236607142855
2021-05-11,8670.0,8910.172,1.0,1.9470466247139588
2021-05-12,8660.0,8871.988,1.0,2.329737961361015
2021-05-13,8660.0,8838.131,1.0,2.056938329965358
2021-05-14,8660.0,8820.451,1.0,1.852784894630485
2021-05-15,8230.0,8815.137,1.0,1.791417075635104
2021-05-16,8160.0,8617.021,1.0,4.702569676488457
2021-05-17,7860.0,8429.057,1.0,3.2972627527573533
2021-05-18,7480.0,8191.6216,1.0,4.219104097089694
2021-05-19,7140.0,7878.8345,1.0,5.332011666527406
2021-05-20,7140.0,7537.2827,1.0,5.564183681285014
2021-05-21,7140.0,7343.0127,1.0,2.84331506039916
2021-05-22,7100.0,7274.2686,1.0,1.8805119704131654
2021-05-23,6750.0,7252.235,1.0,2.1441530039612675
2021-05-24,6420.0,7096.2656,1.0,5.129861111111111
2021-05-25,6180.0,6826.361,1.0,6.329608097254673
2021-05-26,5900.0,6536.012,1.0,5.760715324130259
2021-05-27,5900.0,6241.6357,1.0,5.790436308262712
2021-05-28,5900.0,6071.644,1.0,2.909221067266949
2021-05-29,6170.0,6005.75,1.0,1.792372881355932
2021-05-30,6050.0,6111.0254,-1.0,-0.9558283529173419
2021-05-31,5760.0,6162.35,1.0,1.8570264075413223
2021-06-01,5500.0,6049.2505,1.0,5.021709865993924
2021-06-02,5480.0,5825.1973,1.0,5.912677556818182
2021-06-03,5480.0,5654.6313,1.0,3.186703424384124
2021-06-04,5480.0,5567.6846,1.0,1.6000833998631387
2021-06-05,5480.0,5539.2275,1.0,1.0807945084397812
2021-06-06,5480.0,5538.5444,1.0,1.0683290801779197
2021-06-07,5730.0,5545.164,1.0,1.1891252281021898
2021-06-08,5950.0,5656.192,-1.0,-1.2880995718804538
2021-06-09,5840.0,5840.098,-1.0,-1.8470900078781511
2021-06-10,5840.0,5915.9233,1.0,1.3000571891053083
2021-06-11,5840.0,5928.4155,1.0,1.5139645093107879
2021-06-12,5600.0,5915.717,1.0,1.2965204944349316
2021-06-13,5660.0,5797.1914,1.0,3.5212751116071432
2021-06-14,5930.0,5727.46,1.0,1.191872101369258
2021-06-15,5830.0,5816.67,-1.0,-1.911131165682968
2021-06-16,5590.0,5869.2354,1.0,0.6729905928387651
2021-06-17,5590.0,5789.4785,1.0,3.5684886516100174
2021-06-18,5590.0,5709.772,1.0,2.1426113176431127
2021-06-19,5520.0,5663.7026,1.0,1.3184729287790697
2021-06-20,5720.0,5616.9355,1.0,1.7560787477355073
2021-06-21,5960.0,5676.167,-1.0,-0.7663113253933566
2021-06-22,6240.0,5841.447,-1.0,-1.9891480311451344
2021-06-23,6520.0,6085.52,-1.0,-2.4756407126402245
2021-06-24,6520.0,6366.96,-1.0,-2.347239862921779
2021-06-25,6520.0,6534.9067,0.0,0.2286309552338957
2021-06-26,6470.0,6597.0396,1.0,1.181588202166411
2021-06-27,6650.0,6579.163,1.0,1.687219257148377
2021-06-28,6930.0,6625.498,0.0,-0.3684504229323308
2021-06-29,6890.0,6792.3438,-1.0,-1.986381673881674
2021-06-30,6670.0,6903.443,0.0,0.1951069824927431
2021-07-01,6670.0,6857.6743,1.0,2.813707892147676
2021-07-02,6670.0,6793.1357,1.0,1.8461130762743627
2021-07-03,6430.0,6753.2485,1.0,1.248103975356072
2021-07-04,6420.0,6634.64,1.0,3.182583774786159
2021-07-05,6720.0,6546.369,1.0,1.968366676401869
2021-07-06,6690.0,6637.9663,-1.0,-1.2207394554501487
2021-07-07,6710.0,6726.0415,1.0,0.5387369791666666
2021-07-08,6710.0,6785.776,1.0,1.1292977482302533
2021-07-09,6710.0,6811.384,1.0,1.5109357535394934
2021-07-10,6610.0,6815.1084,1.0,1.5664440899776453
2021-07-11,6700.0,6765.699,1.0,2.355510117246596
2021-07-12,6760.0,6762.478,1.0,0.9325078708022387
2021-07-13,6640.0,6798.446,1.0,0.5687248636279586
2021-07-14,6690.0,6776.644,1.0,2.0578922133847892
2021-07-15,6690.0,6771.9355,1.0,1.2247465900597907
2021-07-16,6690.0,6773.601,1.0,1.249642365003737
2021-07-17,6690.0,6776.574,1.0,1.2940839872944694
2021-07-18,6690.0,6778.895,1.0,1.328774581931988
2021-07-19,6670.0,6780.1978,1.0,1.3482474425448432
2021-07-20,6670.0,6771.9336,1.0,1.5282397863568216
2021-07-21,6670.0,6764.8057,1.0,1.4213742738005997
2021-07-22,6670.0,6761.0493,1.0,1.3650572174850075
2021-07-23,6670.0,6759.872,1.0,1.3474073510119942
2021-07-24,6670.0,6759.959,1.0,1.3487104104197902
2021-07-25,6670.0,6760.3706,1.0,1.3548816412106446
2021-07-26,6990.0,6760.662,1.0,1.3592520146176912
2021-07-27,6740.0,6901.6978,-1.0,-1.2632653232296138
2021-07-28,6510.0,6907.222,1.0,2.481041067785608
2021-07-29,6510.0,6774.2515,1.0,4.059162286386329
2021-07-30,6510.0,6662.3022,1.0,2.3395122287826418
2021-07-31,6600.0,6603.9287,1.0,1.4428373415898617
2021-08-01,6560.0,6625.6265,0.0,0.3882797703598485
2021-08-02,6690.0,6643.0195,1.0,1.2655416349085367
2021-08-03,6390.0,6710.0566,0.0,0.2998003082959641
2021-08-04,6240.0,6629.047,1.0,3.7409526604068857
2021-08-05,6240.0,6479.0107,1.0,3.83030035556891
2021-08-06,6240.0,6374.6904,1.0,2.158500475761218
2021-08-07,6390.0,6327.0073,1.0,1.39434814453125
2021-08-08,6340.0,6380.858,0.0,-0.14306869865023475
2021-08-09,6500.0,6417.0605,1.0,1.2154660390378549
2021-08-10,6570.0,6503.016,0.0,0.046401742788461535
2021-08-11,6640.0,6593.9194,0.0,0.3640705265410959
2021-08-12,6640.0,6675.6997,1.0,0.5376461902296686
2021-08-13,6640.0,6717.4224,1.0,1.1659994470067772
2021-08-14,6950.0,6728.598,1.0,1.3343094055911144
2021-08-15,7100.0,6861.999,-1.0,-1.2662011016187051
2021-08-16,7100.0,7035.0176,-1.0,-0.9152453785211268
2021-08-17,7100.0,7143.3906,1.0,0.6111355633802817
2021-08-18,7100.0,7187.308,1.0,1.2296916263204225
2021-08-19,7100.0,7194.5107,1.0,1.3311372139084505
2021-08-20,7100.0,7189.0522,1.0,1.2542569872359155
2021-08-21,7100.0,7183.8887,1.0,1.1815305897887323
2021-08-22,7430.0,7183.125,1.0,1.170774647887324
2021-08-23,7320.0,7333.2935,-1.0,-1.301568546012786
2021-08-24,7510.0,7409.3843,1.0,1.2210966850239071
2021-08-25,7700.0,7519.902,0.0,0.13184894099533953
2021-08-26,7700.0,7675.576,0.0,-0.31719257305194803
2021-08-27,7700.0,7773.5645,1.0,0.9553825081168831
2021-08-28,8080.0,7812.5166,1.0,1.4612545657467533
2021-08-29,8350.0,7990.125,-1.0,-1.1123143564356435
2021-08-30,8570.0,8247.088,-1.0,-1.2324803517964071
2021-08-31,8870.0,8511.445,-1.0,-0.6832518961493582
2021-09-01,8890.0,8797.301,-1.0,-0.8196078776775648
2021-09-02,8890.0,8966.971,1.0,0.8658121836332959
2021-09-03,8890.0,9028.011,1.0,1.5524267962598426
2021-09-04,8790.0,9032.164,1.0,1.5991458098987628
2021-09-05,8800.0,8974.08,1.0,2.0941988410125143
2021-09-06,8720.0,8934.693,1.0,1.530606356534091
2021-09-07,8330.0,8885.475,1.0,1.897644602924312
2021-09-08,8320.0,8681.283,1.0,4.217085271608643
2021-09-09,8320.0,8531.9,1.0,2.546879695012019
2021-09-10,8320.0,8467.891,1.0,1.7775315504807692
2021-09-11,8010.0,8458.918,1.0,1.6696871243990385
2021-09-12,7630.0,8329.076,1.0,3.983472807428215
2021-09-13,7430.0,8055.5093,1.0,5.576792625737221
2021-09-14,7690.0,7777.628,1.0,4.678706994448183
2021-09-15,7860.0,7738.9795,1.0,0.636924475780234
2021-09-16,7860.0,7855.746,0.0,-0.05412094465648855
2021-09-17,7860.0,7961.696,1.0,1.293839704596056
2021-09-18,7510.0,8015.926,1.0,1.9837885655216283
2021-09-19,7210.0,7869.312,1.0,4.784447559503994
2021-09-20,7220.0,7597.22,1.0,5.370599373699723
2021-09-21,6880.0,7414.903,1.0,2.699485208189058
2021-09-22,6660.0,7183.753,1.0,4.4150135128997094
2021-09-23,6660.0,6947.27,1.0,4.313363656625375
2021-09-24,6660.0,6815.1714,1.0,2.3299007014827327
2021-09-25,6970.0,6769.343,1.0,1.6417833849474472
2021-09-26,6900.0,6903.6787,-1.0,-0.9515249506814921
2021-09-27,6900.0,6994.9336,1.0,1.3758491847826086
2021-09-28,6960.0,7033.044,1.0,1.9281731204710144
2021-09-29,7190.0,7062.333,1.0,1.4703018363864944
2021-09-30,7190.0,7173.5557,0.0,-0.22871120914464532
2021-10-01,7190.0,7253.45,1.0,0.8824783770862309
2021-10-02,7130.0,7287.8125,1.0,1.3603963838664812
2021-10-03,7280.0,7266.4443,1.0,1.913665300666199
2021-10-04,7450.0,7305.9067,0.0,0.3558617895776099
2021-10-05,7450.0,7419.722,0.0,-0.4064138527684564
2021-10-06,7430.0,7503.9956,1.0,0.7247732277684563
2021-10-07,7430.0,7535.7866,1.0,1.4237768653263796
2021-10-08,7430.0,7540.3887,1.0,1.4857156376177658
2021-10-09,7090.0,7536.282,1.0,1.4304471946500672
2021-10-10,6800.0,7380.4907,1.0,4.097189318141749
2021-10-11,6750.0,7127.8115,1.0,4.820757697610294
2021-10-12,6430.0,6941.448,1.0,2.8362702546296297
2021-10-13,6160.0,6715.8677,1.0,4.445842547142301
2021-10-14,6160.0,6465.0874,1.0,4.952717570515422
2021-10-15,6160.0,6319.572,1.0,2.5904509309050328
2021-10-16,6320.0,6265.7734,1.0,1.7171012581168832
2021-10-17,6080.0,6329.4756,0.0,0.14993015723892406
2021-10-18,6050.0,6291.3066,1.0,3.475438168174342
2021-10-19,6310.0,6227.5093,1.0,2.9340376420454546
2021-10-20,6190.0,6292.2627,0.0,-0.281098331022187
2021-10-21,6190.0,6306.38,1.0,1.880127347536349
2021-10-22,6190.0,6298.4067,1.0,1.7513204891962846
2021-10-23,5890.0,6284.729,1.0,1.5303554750605817
2021-10-24,5890.0,6143.18,1.0,4.298474970819185
2021-10-25,5730.0,6028.299,1.0,2.3480276421901527
2021-10-26,5760.0,5900.157,1.0,2.9695851058027922
2021-10-27,5740.0,5837.485,1.0,1.3452233208550348
2021-10-28,5740.0,5811.3745,1.0,1.2434583923127178
2021-10-29,5740.0,5807.3584,1.0,1.1734912619773519
2021-10-30,5790.0,5811.238,1.0,1.2410765325566202
2021-10-31,5590.0,5836.378,1.0,0.8010005127374785
2021-11-01,5840.0,5769.439,1.0,3.209999371086762
2021-11-02,6090.0,5812.508,0.0,-0.4707566352739726
2021-11-03,6370.0,5971.6855,-1.0,-1.9427660611658455
2021-11-04,6370.0,6214.2036,-1.0,-2.445783151000785
2021-11-05,6370.0,6373.797,0.0,0.05960557299843014
2021-11-06,6680.0,6440.7344,1.0,1.110429748822606
2021-11-07,6850.0,6586.941,-1.0,-1.393100030407934
2021-11-08,7060.0,6763.2783,-1.0,-1.2660099224452555
2021-11-09,6760.0,6963.771,-1.0,-1.3630170524964589
2021-11-10,7080.0,6950.631,1.0,2.8199831268491122
2021-11-11,7080.0,7030.186,-1.0,-0.7035870740642656
2021-11-12,7080.0,7099.205,0.0,0.2712581656073446
2021-11-13,6730.0,7138.2437,1.0,0.822650456832627
2021-11-14,7040.0,7000.033,1.0,4.012380432763744
2021-11-15,6840.0,7016.8164,0.0,-0.3293124112215909
2021-11-16,6820.0,6979.8887,1.0,2.0451560215643276
2021-11-17,7090.0,6940.655,1.0,1.769131747159091
2021-11-18,7090.0,7039.6694,-1.0,-0.7098810494534555
2021-11-19,7090.0,7132.8706,1.0,0.6046629826339915
2021-11-20,7030.0,7185.0005,1.0,1.3399222606664316
2021-11-21,7340.0,7176.1245,1.0,2.0785848039651493
2021-11-22,7350.0,7291.851,-1.0,-0.6559799152758856
2021-11-23,7150.0,7392.0093,1.0,0.5715547937925171
2021-11-24,7420.0,7354.443,1.0,2.859340854458042
2021-11-25,7420.0,7417.797,0.0,-0.029691711590296495
2021-11-26,7420.0,7478.0845,1.0,0.7828096045316711
2021-11-27,7430.0,7511.8633,1.0,1.2380496125336928
2021-11-28,7770.0,7528.858,1.0,1.3305236898553163
2021-11-29,8070.0,7687.3423,-1.0,-1.0638058538449164
2021-11-30,7790.0,7948.597,-1.0,-1.504372144129492
2021-12-01,7430.0,7993.7285,1.0,2.615256939987163
2021-12-02,7430.0,7799.9775,1.0,4.9795092740578735
2021-12-03,7430.0,7630.3184,1.0,2.6960748233512786
2021-12-04,7140.0,7542.182,1.0,1.5098536864905787
2021-12-05,7070.0,7387.8027,1.0,3.470626531862745
2021-12-06,7180.0,7258.4263,1.0,2.6651523271746815
2021-12-07,6890.0,7244.572,1.0,0.8993283752611421
2021-12-08,7200.0,7140.21,1.0,3.631494353229318
2021-12-09,7200.0,7197.9077,0.0,-0.029059516059027776
2021-12-10,7200.0,7271.154,1.0,0.9882473415798612
2021-12-11,6950.0,7315.535,1.0,1.6046549479166667
2021-12-12,6610.0,7218.927,1.0,3.869449752697842
2021-12-13,6320.0,6975.098,1.0,5.523421248581695
2021-12-14,6070.0,6670.9287,1.0,5.552669476859178
2021-12-15,6290.0,6374.738,1.0,5.020391976420922
2021-12-16,6290.0,6306.034,0.0,0.2549154163354531
2021-12-17,6290.0,6328.4326,1.0,0.6110114020270271
2021-12-18,6600.0,6367.8296,1.0,1.237354369534976
2021-12-19,6740.0,6529.608,-1.0,-1.066546815814394
2021-12-20,6760.0,6712.1133,0.0,-0.4137495363501484
2021-12-21,7020.0,6825.905,1.0,0.9749228573409763
2021-12-22,7320.0,6981.9155,-1.0,-0.5425138555021368
2021-12-23,7320.0,7208.9106,-1.0,-1.5176141457479508
2021-12-24,7320.0,7351.4517,0.0,0.4296674884733606
2021-12-25,7470.0,7406.9624,1.0,1.1880109609801912
2021-12-26,7530.0,7480.716,0.0,0.14345140980589025
2021-12-27,7890.0,7553.2515,0.0,0.3087843936752988
2021-12-28,8210.0,7757.5483,-1.0,-1.6787282656051963
2021-12-29,8450.0,8053.2563,-1.0,-1.9091796875
2021-12-30,8450.0,8353.578,-1.0,-1.141087278106509
2021-12-31,8450.0,8521.422,1.0,0.8452292899408285
2022-01-01,8060.0,8578.875,1.0,1.5251479289940828
2022-01-02,8290.0,8401.681,1.0,4.2392141943238215
2022-01-03,8370.0,8351.792,1.0,0.7453798816344994
2022-01-04,8000.0,8396.07,0.0,0.3114732676224612
2022-01-05,7940.0,8281.088,1.0,3.5135986328125
2022-01-06,7940.0,8156.186,1.0,2.722746034713476
2022-01-07,7940.0,8088.1836,1.0,1.866292112720403
2022-01-08,8310.0,8068.5503,1.0,1.619021322024559
2022-01-09,8270.0,8241.657,-1.0,-0.822416046179302
2022-01-10,8550.0,8369.532,1.0,1.2035335739117292
2022-01-11,8610.0,8556.936,0.0,0.08111750730994152
2022-01-12,8470.0,8699.256,1.0,1.036653418989547
2022-01-13,8470.0,8696.971,1.0,2.679701335596222
2022-01-14,8470.0,8654.972,1.0,2.183845096664699
2022-01-15,8080.0,8619.042,1.0,1.7596457164994097
2022-01-16,8050.0,8421.514,1.0,4.226654354888614
2022-01-17,8200.0,8261.314,1.0,2.6250242624223605
2022-01-18,7800.0,8253.733,1.0,0.6552853467987805
2022-01-19,7730.0,8110.0186,1.0,3.974596854967949
2022-01-20,7730.0,7969.013,1.0,3.092020486335705
2022-01-21,7730.0,7893.0464,1.0,2.1092676160252264
2022-01-22,7420.0,7868.724,1.0,1.7946199365297542
2022-01-23,7070.0,7729.2446,1.0,4.167717370704178
2022-01-24,6890.0,7465.517,1.0,5.594301129331683
2022-01-25,6570.0,7205.7554,1.0,4.582806547079101
2022-01-26,6680.0,6919.2173,1.0,5.315331585331051
2022-01-27,6680.0,6800.51,1.0,1.80403840755988
2022-01-28,6680.0,6777.103,1.0,1.453638133888473
2022-01-29,6950.0,6789.32,1.0,1.6365243146519461
2022-01-30,6860.0,6923.019,0.0,-0.3882152090827338
